session,tool,gap_tok,det_class,result_equiv,non_recoverable,footprint_tok
2211fb84-4810-4822-8be4-0bb8c44b37d1.jsonl,Read,3071.8,DETERMINISTIC,False,True,52.5
6e9561ab-7e69-403c-a104-42668c869d2d.jsonl,WebFetch,229.5,VOLATILE,True,True,171.2
d728e031-3751-45d3-bee3-e877895519c1.jsonl,Read,255.0,DETERMINISTIC,False,True,75.0
11cdbf8b-7add-4c2a-9c39-af88db2bc604.jsonl,Bash,1428.5,VOLATILE,False,True,93.8
11cdbf8b-7add-4c2a-9c39-af88db2bc604.jsonl,Read,3745.0,INVALIDATED,True,True,506.5
11cdbf8b-7add-4c2a-9c39-af88db2bc604.jsonl,Edit,4358.0,MUTATING,True,True,77.0
1c2df215-5397-4f4e-8125-bc712a452295.jsonl,Write,12738.2,MUTATING,True,True,191.5
1c2df215-5397-4f4e-8125-bc712a452295.jsonl,Read,1085.8,DETERMINISTIC,False,True,52.8
1c2df215-5397-4f4e-8125-bc712a452295.jsonl,Bash,782.0,VOLATILE,False,True,103.5
1c2df215-5397-4f4e-8125-bc712a452295.jsonl,Read,7431.0,INVALIDATED,True,True,49.8
1c2df215-5397-4f4e-8125-bc712a452295.jsonl,Bash,1053.2,VOLATILE,False,True,103.5
1c2df215-5397-4f4e-8125-bc712a452295.jsonl,Read,2270.8,INVALIDATED,False,True,150.0
1c2df215-5397-4f4e-8125-bc712a452295.jsonl,Read,13418.5,INVALIDATED,False,True,782.5
1c2df215-5397-4f4e-8125-bc712a452295.jsonl,Bash,13323.5,VOLATILE,True,True,58.5
1c2df215-5397-4f4e-8125-bc712a452295.jsonl,Write,12455.0,MUTATING,False,True,194.0
1c2df215-5397-4f4e-8125-bc712a452295.jsonl,Bash,12557.5,VOLATILE,False,True,91.5
1c2df215-5397-4f4e-8125-bc712a452295.jsonl,Bash,1014.8,VOLATILE,True,True,58.5
1c2df215-5397-4f4e-8125-bc712a452295.jsonl,Write,876.8,MUTATING,False,True,191.5
1c2df215-5397-4f4e-8125-bc712a452295.jsonl,Bash,984.5,VOLATILE,False,True,91.5
1c2df215-5397-4f4e-8125-bc712a452295.jsonl,Bash,1037.5,VOLATILE,False,True,21.2
1c2df215-5397-4f4e-8125-bc712a452295.jsonl,Bash,31793.2,VOLATILE,True,True,58.5
1c2df215-5397-4f4e-8125-bc712a452295.jsonl,Bash,31581.8,VOLATILE,True,True,82.2
1c2df215-5397-4f4e-8125-bc712a452295.jsonl,Write,31660.2,MUTATING,True,True,191.5
1c2df215-5397-4f4e-8125-bc712a452295.jsonl,Bash,34118.2,VOLATILE,False,True,21.2
1c2df215-5397-4f4e-8125-bc712a452295.jsonl,Read,27233.0,DETERMINISTIC,False,True,59.0
1c2df215-5397-4f4e-8125-bc712a452295.jsonl,Read,1489.8,DETERMINISTIC,True,True,59.0
1c2df215-5397-4f4e-8125-bc712a452295.jsonl,Read,1937.5,DETERMINISTIC,False,True,60.5
1c2df215-5397-4f4e-8125-bc712a452295.jsonl,Read,1772.0,INVALIDATED,False,True,299.0
1c2df215-5397-4f4e-8125-bc712a452295.jsonl,Bash,1772.0,VOLATILE,False,True,22.0
1c2df215-5397-4f4e-8125-bc712a452295.jsonl,Bash,6129.8,VOLATILE,False,True,22.0
1c2df215-5397-4f4e-8125-bc712a452295.jsonl,Bash,3464.8,VOLATILE,False,True,30.0
1c2df215-5397-4f4e-8125-bc712a452295.jsonl,Bash,3446.2,VOLATILE,False,True,22.0
1c2df215-5397-4f4e-8125-bc712a452295.jsonl,Bash,5872.0,VOLATILE,False,True,22.0
1c2df215-5397-4f4e-8125-bc712a452295.jsonl,Bash,26252.2,VOLATILE,False,True,28.8
1c2df215-5397-4f4e-8125-bc712a452295.jsonl,Bash,26132.0,VOLATILE,False,True,22.0
1c2df215-5397-4f4e-8125-bc712a452295.jsonl,Bash,363.5,VOLATILE,True,True,47.0
1c2df215-5397-4f4e-8125-bc712a452295.jsonl,Bash,3645.8,VOLATILE,False,True,117.8
1c2df215-5397-4f4e-8125-bc712a452295.jsonl,Read,2929.0,INVALIDATED,False,True,56.0
1c2df215-5397-4f4e-8125-bc712a452295.jsonl,Bash,3544.0,VOLATILE,False,True,33.8
1c2df215-5397-4f4e-8125-bc712a452295.jsonl,Write,14365.0,MUTATING,True,True,193.0
1c2df215-5397-4f4e-8125-bc712a452295.jsonl,Bash,14472.8,VOLATILE,False,True,93.0
1c2df215-5397-4f4e-8125-bc712a452295.jsonl,Bash,5084.5,VOLATILE,False,True,32.2
1c2df215-5397-4f4e-8125-bc712a452295.jsonl,Bash,12608.8,VOLATILE,True,True,30.5
1c2df215-5397-4f4e-8125-bc712a452295.jsonl,Bash,7062.5,VOLATILE,False,True,35.5
1c2df215-5397-4f4e-8125-bc712a452295.jsonl,Bash,9777.8,VOLATILE,True,True,59.2
1c2df215-5397-4f4e-8125-bc712a452295.jsonl,Bash,12558.8,VOLATILE,True,True,59.2
1c2df215-5397-4f4e-8125-bc712a452295.jsonl,Bash,12834.0,VOLATILE,False,True,93.0
1c2df215-5397-4f4e-8125-bc712a452295.jsonl,Bash,12894.0,VOLATILE,False,True,29.8
1c2df215-5397-4f4e-8125-bc712a452295.jsonl,Read,8222.2,INVALIDATED,True,True,397.0
1c2df215-5397-4f4e-8125-bc712a452295.jsonl,Bash,8390.8,VOLATILE,False,True,93.0
1c2df215-5397-4f4e-8125-bc712a452295.jsonl,Bash,1011.5,VOLATILE,False,True,30.8
1c2df215-5397-4f4e-8125-bc712a452295.jsonl,Bash,8615.2,VOLATILE,False,True,29.2
1c2df215-5397-4f4e-8125-bc712a452295.jsonl,Bash,827.0,VOLATILE,False,True,369.2
1c2df215-5397-4f4e-8125-bc712a452295.jsonl,Bash,1154.5,VOLATILE,False,True,43.2
1c2df215-5397-4f4e-8125-bc712a452295.jsonl,Bash,1170.8,VOLATILE,False,True,30.8
1c2df215-5397-4f4e-8125-bc712a452295.jsonl,Bash,516.5,VOLATILE,False,True,369.2
1c2df215-5397-4f4e-8125-bc712a452295.jsonl,Bash,842.5,VOLATILE,False,True,43.2
1c2df215-5397-4f4e-8125-bc712a452295.jsonl,Bash,855.0,VOLATILE,False,True,30.8
1c2df215-5397-4f4e-8125-bc712a452295.jsonl,Bash,268.5,VOLATILE,False,True,369.2
1c2df215-5397-4f4e-8125-bc712a452295.jsonl,Bash,594.5,VOLATILE,False,True,43.2
1c2df215-5397-4f4e-8125-bc712a452295.jsonl,Bash,604.8,VOLATILE,False,True,30.8
1c2df215-5397-4f4e-8125-bc712a452295.jsonl,Bash,2230.2,VOLATILE,False,True,369.2
1c2df215-5397-4f4e-8125-bc712a452295.jsonl,Bash,2556.2,VOLATILE,False,True,43.2
1c2df215-5397-4f4e-8125-bc712a452295.jsonl,Bash,2578.0,VOLATILE,False,True,30.8
1c2df215-5397-4f4e-8125-bc712a452295.jsonl,Bash,9704.5,VOLATILE,False,True,29.2
1c2df215-5397-4f4e-8125-bc712a452295.jsonl,Bash,11563.2,VOLATILE,False,True,30.8
1c2df215-5397-4f4e-8125-bc712a452295.jsonl,Bash,6562.8,VOLATILE,False,True,30.5
1c2df215-5397-4f4e-8125-bc712a452295.jsonl,Bash,2094.5,VOLATILE,True,True,30.5
1c2df215-5397-4f4e-8125-bc712a452295.jsonl,Bash,57480.5,VOLATILE,True,True,59.2
1c2df215-5397-4f4e-8125-bc712a452295.jsonl,Bash,33623.5,VOLATILE,False,True,43.2
1c2df215-5397-4f4e-8125-bc712a452295.jsonl,Bash,3593.0,VOLATILE,False,True,30.8
1c2df215-5397-4f4e-8125-bc712a452295.jsonl,Bash,12059.2,VOLATILE,False,True,46.5
1c2df215-5397-4f4e-8125-bc712a452295.jsonl,Edit,21172.2,MUTATING,True,True,82.0
1c2df215-5397-4f4e-8125-bc712a452295.jsonl,Bash,10491.0,VOLATILE,False,True,30.8
1c2df215-5397-4f4e-8125-bc712a452295.jsonl,Bash,16279.8,VOLATILE,True,True,59.2
1c2df215-5397-4f4e-8125-bc712a452295.jsonl,Edit,5912.8,MUTATING,True,True,82.0
1c2df215-5397-4f4e-8125-bc712a452295.jsonl,Bash,16357.0,VOLATILE,False,True,92.8
1c2df215-5397-4f4e-8125-bc712a452295.jsonl,Bash,5940.0,VOLATILE,False,True,30.0
1c2df215-5397-4f4e-8125-bc712a452295.jsonl,Bash,10681.8,VOLATILE,False,True,38.5
1c2df215-5397-4f4e-8125-bc712a452295.jsonl,Bash,4728.2,VOLATILE,False,True,30.8
1c2df215-5397-4f4e-8125-bc712a452295.jsonl,Bash,2112.2,VOLATILE,False,True,38.5
1c2df215-5397-4f4e-8125-bc712a452295.jsonl,Bash,2064.2,VOLATILE,False,True,30.8
1c2df215-5397-4f4e-8125-bc712a452295.jsonl,Bash,26282.8,VOLATILE,False,True,41.5
1c2df215-5397-4f4e-8125-bc712a452295.jsonl,Bash,2963.0,VOLATILE,False,True,30.2
1c2df215-5397-4f4e-8125-bc712a452295.jsonl,Bash,3743.0,VOLATILE,False,True,422.2
1c2df215-5397-4f4e-8125-bc712a452295.jsonl,Bash,4123.8,VOLATILE,False,True,43.2
1c2df215-5397-4f4e-8125-bc712a452295.jsonl,Bash,4114.8,VOLATILE,False,True,30.8
1c2df215-5397-4f4e-8125-bc712a452295.jsonl,Bash,681.8,VOLATILE,False,True,43.2
1c2df215-5397-4f4e-8125-bc712a452295.jsonl,Bash,691.8,VOLATILE,False,True,30.8
1c2df215-5397-4f4e-8125-bc712a452295.jsonl,Bash,304.8,VOLATILE,False,True,419.8
1c2df215-5397-4f4e-8125-bc712a452295.jsonl,Bash,689.0,VOLATILE,False,True,30.8
1c2df215-5397-4f4e-8125-bc712a452295.jsonl,Bash,291.2,VOLATILE,False,True,419.8
1c2df215-5397-4f4e-8125-bc712a452295.jsonl,Bash,672.5,VOLATILE,False,True,38.5
1c2df215-5397-4f4e-8125-bc712a452295.jsonl,Bash,678.0,VOLATILE,False,True,30.8
1c2df215-5397-4f4e-8125-bc712a452295.jsonl,Bash,421.0,VOLATILE,False,True,419.8
1c2df215-5397-4f4e-8125-bc712a452295.jsonl,Bash,802.2,VOLATILE,False,True,37.0
1c2df215-5397-4f4e-8125-bc712a452295.jsonl,Bash,810.8,VOLATILE,False,True,29.2
1c2df215-5397-4f4e-8125-bc712a452295.jsonl,Bash,451.0,VOLATILE,False,True,419.8
1c2df215-5397-4f4e-8125-bc712a452295.jsonl,Bash,833.8,VOLATILE,False,True,38.5
1c2df215-5397-4f4e-8125-bc712a452295.jsonl,Bash,843.0,VOLATILE,False,True,30.8
1c2df215-5397-4f4e-8125-bc712a452295.jsonl,Bash,24339.5,VOLATILE,False,True,50.2
1c2df215-5397-4f4e-8125-bc712a452295.jsonl,Bash,948.5,VOLATILE,False,True,37.0
1c2df215-5397-4f4e-8125-bc712a452295.jsonl,Bash,958.2,VOLATILE,False,True,29.2
1c2df215-5397-4f4e-8125-bc712a452295.jsonl,Read,1944.5,DETERMINISTIC,False,True,59.5
1c2df215-5397-4f4e-8125-bc712a452295.jsonl,Bash,15943.5,VOLATILE,False,True,38.5
1c2df215-5397-4f4e-8125-bc712a452295.jsonl,Bash,3956.0,VOLATILE,False,True,30.8
1c2df215-5397-4f4e-8125-bc712a452295.jsonl,Read,34182.0,INVALIDATED,True,True,170.0
1c2df215-5397-4f4e-8125-bc712a452295.jsonl,Bash,14889.5,VOLATILE,False,True,38.5
1c2df215-5397-4f4e-8125-bc712a452295.jsonl,Bash,14895.0,VOLATILE,False,True,30.8
1c2df215-5397-4f4e-8125-bc712a452295.jsonl,Read,85993.5,INVALIDATED,False,True,410.5
1c2df215-5397-4f4e-8125-bc712a452295.jsonl,Bash,4844.5,VOLATILE,True,True,266.2
1c2df215-5397-4f4e-8125-bc712a452295.jsonl,Bash,31249.5,VOLATILE,False,True,37.0
1c2df215-5397-4f4e-8125-bc712a452295.jsonl,Bash,12344.0,VOLATILE,False,True,29.2
1c2df215-5397-4f4e-8125-bc712a452295.jsonl,Bash,886.2,VOLATILE,True,True,266.2
1c2df215-5397-4f4e-8125-bc712a452295.jsonl,Bash,1698.2,VOLATILE,False,True,173.2
1c2df215-5397-4f4e-8125-bc712a452295.jsonl,Bash,1834.5,VOLATILE,False,True,38.5
1c2df215-5397-4f4e-8125-bc712a452295.jsonl,Bash,1843.5,VOLATILE,False,True,30.8
1c2df215-5397-4f4e-8125-bc712a452295.jsonl,Read,29756.5,INVALIDATED,False,True,50.0
1c2df215-5397-4f4e-8125-bc712a452295.jsonl,Bash,14700.8,VOLATILE,False,True,38.5
1c2df215-5397-4f4e-8125-bc712a452295.jsonl,Bash,471.8,VOLATILE,False,True,30.8
1c2df215-5397-4f4e-8125-bc712a452295.jsonl,Bash,56274.5,VOLATILE,False,True,92.8
1c2df215-5397-4f4e-8125-bc712a452295.jsonl,Bash,96852.0,VOLATILE,False,True,37.0
1c2df215-5397-4f4e-8125-bc712a452295.jsonl,Bash,3770.0,VOLATILE,False,True,29.2
1c2df215-5397-4f4e-8125-bc712a452295.jsonl,Bash,11999.8,VOLATILE,False,True,30.8
1c2df215-5397-4f4e-8125-bc712a452295.jsonl,Bash,24832.2,VOLATILE,False,True,38.5
1c2df215-5397-4f4e-8125-bc712a452295.jsonl,Bash,8509.5,VOLATILE,False,True,30.8
1c2df215-5397-4f4e-8125-bc712a452295.jsonl,Bash,622.5,VOLATILE,False,True,38.0
1c2df215-5397-4f4e-8125-bc712a452295.jsonl,Bash,622.8,VOLATILE,False,True,30.2
1c2df215-5397-4f4e-8125-bc712a452295.jsonl,Bash,588.0,VOLATILE,False,True,38.5
1c2df215-5397-4f4e-8125-bc712a452295.jsonl,Bash,603.0,VOLATILE,False,True,30.8
1c2df215-5397-4f4e-8125-bc712a452295.jsonl,Bash,615.2,VOLATILE,False,True,38.5
1c2df215-5397-4f4e-8125-bc712a452295.jsonl,Bash,621.8,VOLATILE,False,True,30.8
1c2df215-5397-4f4e-8125-bc712a452295.jsonl,Bash,600.2,VOLATILE,False,True,38.0
1c2df215-5397-4f4e-8125-bc712a452295.jsonl,Bash,602.0,VOLATILE,False,True,30.2
1c2df215-5397-4f4e-8125-bc712a452295.jsonl,Bash,737.2,VOLATILE,False,True,35.2
1c2df215-5397-4f4e-8125-bc712a452295.jsonl,Bash,553.2,VOLATILE,False,True,37.0
1c2df215-5397-4f4e-8125-bc712a452295.jsonl,Bash,1471.8,VOLATILE,False,True,29.2
1c2df215-5397-4f4e-8125-bc712a452295.jsonl,Bash,1410.5,VOLATILE,False,True,29.2
1c2df215-5397-4f4e-8125-bc712a452295.jsonl,Read,123739.0,INVALIDATED,False,True,53.0
1c2df215-5397-4f4e-8125-bc712a452295.jsonl,Bash,829.8,VOLATILE,False,True,36.8
1c2df215-5397-4f4e-8125-bc712a452295.jsonl,Bash,705.8,VOLATILE,False,True,29.2
1c2df215-5397-4f4e-8125-bc712a452295.jsonl,Bash,3151.5,VOLATILE,False,True,29.2
1c2df215-5397-4f4e-8125-bc712a452295.jsonl,Bash,4264.0,VOLATILE,False,True,36.8
1c2df215-5397-4f4e-8125-bc712a452295.jsonl,Bash,1087.5,VOLATILE,False,True,29.2
1c2df215-5397-4f4e-8125-bc712a452295.jsonl,Bash,303.8,VOLATILE,False,True,36.8
1c2df215-5397-4f4e-8125-bc712a452295.jsonl,Bash,297.0,VOLATILE,False,True,29.2
1c2df215-5397-4f4e-8125-bc712a452295.jsonl,Bash,53957.0,VOLATILE,False,True,90.8
1c2df215-5397-4f4e-8125-bc712a452295.jsonl,Bash,73846.5,VOLATILE,False,True,46.5
1c2df215-5397-4f4e-8125-bc712a452295.jsonl,Read,9255.8,DETERMINISTIC,False,True,56.5
1c2df215-5397-4f4e-8125-bc712a452295.jsonl,Bash,11174.5,VOLATILE,True,True,109.8
1c2df215-5397-4f4e-8125-bc712a452295.jsonl,Write,11091.2,MUTATING,True,True,193.0
1c2df215-5397-4f4e-8125-bc712a452295.jsonl,Bash,11193.5,VOLATILE,False,True,90.8
1c2df215-5397-4f4e-8125-bc712a452295.jsonl,Bash,15148.0,VOLATILE,False,True,29.2
1c2df215-5397-4f4e-8125-bc712a452295.jsonl,Bash,1189.5,VOLATILE,False,True,29.2
1c2df215-5397-4f4e-8125-bc712a452295.jsonl,Bash,24108.5,VOLATILE,False,True,37.0
1c2df215-5397-4f4e-8125-bc712a452295.jsonl,Bash,827.0,VOLATILE,False,True,35.2
1c2df215-5397-4f4e-8125-bc712a452295.jsonl,Bash,1662.0,VOLATILE,False,True,29.2
1c2df215-5397-4f4e-8125-bc712a452295.jsonl,Bash,914.2,VOLATILE,False,True,38.5
1c2df215-5397-4f4e-8125-bc712a452295.jsonl,Bash,1336.5,VOLATILE,False,True,124.2
1c2df215-5397-4f4e-8125-bc712a452295.jsonl,Bash,1422.2,VOLATILE,False,True,38.5
1c2df215-5397-4f4e-8125-bc712a452295.jsonl,Bash,510.8,VOLATILE,False,True,38.5
1c2df215-5397-4f4e-8125-bc712a452295.jsonl,Bash,506.8,VOLATILE,False,True,38.5
1c2df215-5397-4f4e-8125-bc712a452295.jsonl,Bash,708.5,VOLATILE,False,True,35.2
1c2df215-5397-4f4e-8125-bc712a452295.jsonl,Bash,57942.0,VOLATILE,False,True,35.2
1c2df215-5397-4f4e-8125-bc712a452295.jsonl,Bash,1892.2,VOLATILE,False,True,36.8
1c2df215-5397-4f4e-8125-bc712a452295.jsonl,Bash,111519.5,VOLATILE,False,True,35.8
1c2df215-5397-4f4e-8125-bc712a452295.jsonl,Read,29005.5,INVALIDATED,False,True,30774.2
1c2df215-5397-4f4e-8125-bc712a452295.jsonl,Read,59733.5,DETERMINISTIC,False,True,41514.5
1c2df215-5397-4f4e-8125-bc712a452295.jsonl,Bash,571631.2,VOLATILE,False,True,37.0
1c2df215-5397-4f4e-8125-bc712a452295.jsonl,Bash,579970.5,VOLATILE,False,True,29.0
1c2df215-5397-4f4e-8125-bc712a452295.jsonl,Bash,5473.0,VOLATILE,False,True,265.8
1c2df215-5397-4f4e-8125-bc712a452295.jsonl,Bash,5709.8,VOLATILE,False,True,29.2
1c2df215-5397-4f4e-8125-bc712a452295.jsonl,Bash,15582.0,VOLATILE,False,True,38.5
1c2df215-5397-4f4e-8125-bc712a452295.jsonl,Bash,3707.8,VOLATILE,False,True,38.5
955cf06b-d1ef-4f58-8dbf-42c06e996d46.jsonl,Read,8573.0,INVALIDATED,False,True,340.5
