seed,chunk_size,overlap,span_len,k,n_docs,doc_len,split_rate,recall,completeness,overcount
0,32,0,8,1,200,300,0.205,1.0,0.795,0.205
0,32,0,8,3,200,300,0.205,1.0,0.795,0.205
0,32,0,8,5,200,300,0.205,1.0,0.795,0.205
0,32,0,8,10,200,300,0.205,1.0,0.795,0.205
1,32,0,8,1,200,300,0.28,1.0,0.72,0.28
1,32,0,8,3,200,300,0.28,1.0,0.72,0.28
1,32,0,8,5,200,300,0.28,1.0,0.72,0.28
1,32,0,8,10,200,300,0.28,1.0,0.72,0.28
2,32,0,8,1,200,300,0.175,1.0,0.825,0.175
2,32,0,8,3,200,300,0.175,1.0,0.825,0.175
2,32,0,8,5,200,300,0.175,1.0,0.825,0.175
2,32,0,8,10,200,300,0.175,1.0,0.825,0.175
3,32,0,8,1,200,300,0.24,1.0,0.76,0.24
3,32,0,8,3,200,300,0.24,1.0,0.76,0.24
3,32,0,8,5,200,300,0.24,1.0,0.76,0.24
3,32,0,8,10,200,300,0.24,1.0,0.76,0.24
4,32,0,8,1,200,300,0.205,1.0,0.795,0.205
4,32,0,8,3,200,300,0.205,1.0,0.795,0.205
4,32,0,8,5,200,300,0.205,1.0,0.795,0.205
4,32,0,8,10,200,300,0.205,1.0,0.795,0.205
5,32,0,8,1,200,300,0.23,1.0,0.77,0.23
5,32,0,8,3,200,300,0.23,1.0,0.77,0.23
5,32,0,8,5,200,300,0.23,1.0,0.77,0.23
5,32,0,8,10,200,300,0.23,1.0,0.77,0.23
6,32,0,8,1,200,300,0.215,1.0,0.785,0.215
6,32,0,8,3,200,300,0.215,1.0,0.785,0.215
6,32,0,8,5,200,300,0.215,1.0,0.785,0.215
6,32,0,8,10,200,300,0.215,1.0,0.785,0.215
7,32,0,8,1,200,300,0.24,1.0,0.76,0.24
7,32,0,8,3,200,300,0.24,1.0,0.76,0.24
7,32,0,8,5,200,300,0.24,1.0,0.76,0.24
7,32,0,8,10,200,300,0.24,1.0,0.76,0.24
0,32,0,16,1,200,300,0.48,1.0,0.52,0.48
0,32,0,16,3,200,300,0.48,1.0,0.52,0.48
0,32,0,16,5,200,300,0.48,1.0,0.52,0.48
0,32,0,16,10,200,300,0.48,1.0,0.52,0.48
1,32,0,16,1,200,300,0.43,1.0,0.57,0.43
1,32,0,16,3,200,300,0.43,1.0,0.57,0.43
1,32,0,16,5,200,300,0.43,1.0,0.57,0.43
1,32,0,16,10,200,300,0.43,1.0,0.57,0.43
2,32,0,16,1,200,300,0.425,1.0,0.575,0.425
2,32,0,16,3,200,300,0.425,1.0,0.575,0.425
2,32,0,16,5,200,300,0.425,1.0,0.575,0.425
2,32,0,16,10,200,300,0.425,1.0,0.575,0.425
3,32,0,16,1,200,300,0.46,1.0,0.54,0.46
3,32,0,16,3,200,300,0.46,1.0,0.54,0.46
3,32,0,16,5,200,300,0.46,1.0,0.54,0.46
3,32,0,16,10,200,300,0.46,1.0,0.54,0.46
4,32,0,16,1,200,300,0.46,1.0,0.54,0.46
4,32,0,16,3,200,300,0.46,1.0,0.54,0.46
4,32,0,16,5,200,300,0.46,1.0,0.54,0.46
4,32,0,16,10,200,300,0.46,1.0,0.54,0.46
5,32,0,16,1,200,300,0.485,1.0,0.515,0.485
5,32,0,16,3,200,300,0.485,1.0,0.515,0.485
5,32,0,16,5,200,300,0.485,1.0,0.515,0.485
5,32,0,16,10,200,300,0.485,1.0,0.515,0.485
6,32,0,16,1,200,300,0.43,1.0,0.57,0.43
6,32,0,16,3,200,300,0.43,1.0,0.57,0.43
6,32,0,16,5,200,300,0.43,1.0,0.57,0.43
6,32,0,16,10,200,300,0.43,1.0,0.57,0.43
7,32,0,16,1,200,300,0.475,1.0,0.525,0.475
7,32,0,16,3,200,300,0.475,1.0,0.525,0.475
7,32,0,16,5,200,300,0.475,1.0,0.525,0.475
7,32,0,16,10,200,300,0.475,1.0,0.525,0.475
0,32,0,32,1,200,300,0.975,1.0,0.025,0.975
0,32,0,32,3,200,300,0.975,1.0,0.025,0.975
0,32,0,32,5,200,300,0.975,1.0,0.025,0.975
0,32,0,32,10,200,300,0.975,1.0,0.025,0.975
1,32,0,32,1,200,300,0.96,1.0,0.04,0.96
1,32,0,32,3,200,300,0.96,1.0,0.04,0.96
1,32,0,32,5,200,300,0.96,1.0,0.04,0.96
1,32,0,32,10,200,300,0.96,1.0,0.04,0.96
2,32,0,32,1,200,300,0.98,1.0,0.02,0.98
2,32,0,32,3,200,300,0.98,1.0,0.02,0.98
2,32,0,32,5,200,300,0.98,1.0,0.02,0.98
2,32,0,32,10,200,300,0.98,1.0,0.02,0.98
3,32,0,32,1,200,300,0.97,1.0,0.03,0.97
3,32,0,32,3,200,300,0.97,1.0,0.03,0.97
3,32,0,32,5,200,300,0.97,1.0,0.03,0.97
3,32,0,32,10,200,300,0.97,1.0,0.03,0.97
4,32,0,32,1,200,300,0.96,1.0,0.04,0.96
4,32,0,32,3,200,300,0.96,1.0,0.04,0.96
4,32,0,32,5,200,300,0.96,1.0,0.04,0.96
4,32,0,32,10,200,300,0.96,1.0,0.04,0.96
5,32,0,32,1,200,300,0.955,1.0,0.045,0.955
5,32,0,32,3,200,300,0.955,1.0,0.045,0.955
5,32,0,32,5,200,300,0.955,1.0,0.045,0.955
5,32,0,32,10,200,300,0.955,1.0,0.045,0.955
6,32,0,32,1,200,300,0.94,1.0,0.06,0.94
6,32,0,32,3,200,300,0.94,1.0,0.06,0.94
6,32,0,32,5,200,300,0.94,1.0,0.06,0.94
6,32,0,32,10,200,300,0.94,1.0,0.06,0.94
7,32,0,32,1,200,300,0.98,1.0,0.02,0.98
7,32,0,32,3,200,300,0.98,1.0,0.02,0.98
7,32,0,32,5,200,300,0.98,1.0,0.02,0.98
7,32,0,32,10,200,300,0.98,1.0,0.02,0.98
0,32,8,8,1,200,300,0.0,1.0,0.96,0.04
0,32,8,8,3,200,300,0.0,1.0,1.0,0.0
0,32,8,8,5,200,300,0.0,1.0,1.0,0.0
0,32,8,8,10,200,300,0.0,1.0,1.0,0.0
1,32,8,8,1,200,300,0.0,1.0,0.955,0.045
1,32,8,8,3,200,300,0.0,1.0,1.0,0.0
1,32,8,8,5,200,300,0.0,1.0,1.0,0.0
1,32,8,8,10,200,300,0.0,1.0,1.0,0.0
2,32,8,8,1,200,300,0.0,1.0,0.96,0.04
2,32,8,8,3,200,300,0.0,1.0,1.0,0.0
2,32,8,8,5,200,300,0.0,1.0,1.0,0.0
2,32,8,8,10,200,300,0.0,1.0,1.0,0.0
3,32,8,8,1,200,300,0.0,1.0,0.97,0.03
3,32,8,8,3,200,300,0.0,1.0,1.0,0.0
3,32,8,8,5,200,300,0.0,1.0,1.0,0.0
3,32,8,8,10,200,300,0.0,1.0,1.0,0.0
4,32,8,8,1,200,300,0.0,1.0,0.955,0.045
4,32,8,8,3,200,300,0.0,1.0,1.0,0.0
4,32,8,8,5,200,300,0.0,1.0,1.0,0.0
4,32,8,8,10,200,300,0.0,1.0,1.0,0.0
5,32,8,8,1,200,300,0.0,1.0,0.965,0.035
5,32,8,8,3,200,300,0.0,1.0,1.0,0.0
5,32,8,8,5,200,300,0.0,1.0,1.0,0.0
5,32,8,8,10,200,300,0.0,1.0,1.0,0.0
6,32,8,8,1,200,300,0.0,1.0,0.965,0.035
6,32,8,8,3,200,300,0.0,1.0,1.0,0.0
6,32,8,8,5,200,300,0.0,1.0,1.0,0.0
6,32,8,8,10,200,300,0.0,1.0,1.0,0.0
7,32,8,8,1,200,300,0.0,1.0,0.97,0.03
7,32,8,8,3,200,300,0.0,1.0,1.0,0.0
7,32,8,8,5,200,300,0.0,1.0,1.0,0.0
7,32,8,8,10,200,300,0.0,1.0,1.0,0.0
0,32,8,16,1,200,300,0.32,1.0,0.675,0.325
0,32,8,16,3,200,300,0.32,1.0,0.68,0.32
0,32,8,16,5,200,300,0.32,1.0,0.68,0.32
0,32,8,16,10,200,300,0.32,1.0,0.68,0.32
1,32,8,16,1,200,300,0.34,1.0,0.66,0.34
1,32,8,16,3,200,300,0.34,1.0,0.66,0.34
1,32,8,16,5,200,300,0.34,1.0,0.66,0.34
1,32,8,16,10,200,300,0.34,1.0,0.66,0.34
2,32,8,16,1,200,300,0.33,1.0,0.67,0.33
2,32,8,16,3,200,300,0.33,1.0,0.67,0.33
2,32,8,16,5,200,300,0.33,1.0,0.67,0.33
2,32,8,16,10,200,300,0.33,1.0,0.67,0.33
3,32,8,16,1,200,300,0.27,1.0,0.73,0.27
3,32,8,16,3,200,300,0.27,1.0,0.73,0.27
3,32,8,16,5,200,300,0.27,1.0,0.73,0.27
3,32,8,16,10,200,300,0.27,1.0,0.73,0.27
4,32,8,16,1,200,300,0.315,1.0,0.685,0.315
4,32,8,16,3,200,300,0.315,1.0,0.685,0.315
4,32,8,16,5,200,300,0.315,1.0,0.685,0.315
4,32,8,16,10,200,300,0.315,1.0,0.685,0.315
5,32,8,16,1,200,300,0.245,1.0,0.755,0.245
5,32,8,16,3,200,300,0.245,1.0,0.755,0.245
5,32,8,16,5,200,300,0.245,1.0,0.755,0.245
5,32,8,16,10,200,300,0.245,1.0,0.755,0.245
6,32,8,16,1,200,300,0.3,1.0,0.7,0.3
6,32,8,16,3,200,300,0.3,1.0,0.7,0.3
6,32,8,16,5,200,300,0.3,1.0,0.7,0.3
6,32,8,16,10,200,300,0.3,1.0,0.7,0.3
7,32,8,16,1,200,300,0.335,1.0,0.665,0.335
7,32,8,16,3,200,300,0.335,1.0,0.665,0.335
7,32,8,16,5,200,300,0.335,1.0,0.665,0.335
7,32,8,16,10,200,300,0.335,1.0,0.665,0.335
0,32,8,32,1,200,300,0.965,1.0,0.035,0.965
0,32,8,32,3,200,300,0.965,1.0,0.035,0.965
0,32,8,32,5,200,300,0.965,1.0,0.035,0.965
0,32,8,32,10,200,300,0.965,1.0,0.035,0.965
1,32,8,32,1,200,300,0.985,1.0,0.015,0.985
1,32,8,32,3,200,300,0.985,1.0,0.015,0.985
1,32,8,32,5,200,300,0.985,1.0,0.015,0.985
1,32,8,32,10,200,300,0.985,1.0,0.015,0.985
2,32,8,32,1,200,300,0.965,1.0,0.035,0.965
2,32,8,32,3,200,300,0.965,1.0,0.035,0.965
2,32,8,32,5,200,300,0.965,1.0,0.035,0.965
2,32,8,32,10,200,300,0.965,1.0,0.035,0.965
3,32,8,32,1,200,300,0.955,1.0,0.045,0.955
3,32,8,32,3,200,300,0.955,1.0,0.045,0.955
3,32,8,32,5,200,300,0.955,1.0,0.045,0.955
3,32,8,32,10,200,300,0.955,1.0,0.045,0.955
4,32,8,32,1,200,300,0.96,1.0,0.04,0.96
4,32,8,32,3,200,300,0.96,1.0,0.04,0.96
4,32,8,32,5,200,300,0.96,1.0,0.04,0.96
4,32,8,32,10,200,300,0.96,1.0,0.04,0.96
5,32,8,32,1,200,300,0.97,1.0,0.03,0.97
5,32,8,32,3,200,300,0.97,1.0,0.03,0.97
5,32,8,32,5,200,300,0.97,1.0,0.03,0.97
5,32,8,32,10,200,300,0.97,1.0,0.03,0.97
6,32,8,32,1,200,300,0.955,1.0,0.045,0.955
6,32,8,32,3,200,300,0.955,1.0,0.045,0.955
6,32,8,32,5,200,300,0.955,1.0,0.045,0.955
6,32,8,32,10,200,300,0.955,1.0,0.045,0.955
7,32,8,32,1,200,300,0.945,1.0,0.055,0.945
7,32,8,32,3,200,300,0.945,1.0,0.055,0.945
7,32,8,32,5,200,300,0.945,1.0,0.055,0.945
7,32,8,32,10,200,300,0.945,1.0,0.055,0.945
0,32,16,8,1,200,300,0.0,1.0,0.93,0.07
0,32,16,8,3,200,300,0.0,1.0,1.0,0.0
0,32,16,8,5,200,300,0.0,1.0,1.0,0.0
0,32,16,8,10,200,300,0.0,1.0,1.0,0.0
1,32,16,8,1,200,300,0.0,1.0,0.93,0.07
1,32,16,8,3,200,300,0.0,1.0,1.0,0.0
1,32,16,8,5,200,300,0.0,1.0,1.0,0.0
1,32,16,8,10,200,300,0.0,1.0,1.0,0.0
2,32,16,8,1,200,300,0.0,1.0,0.95,0.05
2,32,16,8,3,200,300,0.0,1.0,1.0,0.0
2,32,16,8,5,200,300,0.0,1.0,1.0,0.0
2,32,16,8,10,200,300,0.0,1.0,1.0,0.0
3,32,16,8,1,200,300,0.0,1.0,0.935,0.065
3,32,16,8,3,200,300,0.0,1.0,1.0,0.0
3,32,16,8,5,200,300,0.0,1.0,1.0,0.0
3,32,16,8,10,200,300,0.0,1.0,1.0,0.0
4,32,16,8,1,200,300,0.0,1.0,0.935,0.065
4,32,16,8,3,200,300,0.0,1.0,1.0,0.0
4,32,16,8,5,200,300,0.0,1.0,1.0,0.0
4,32,16,8,10,200,300,0.0,1.0,1.0,0.0
5,32,16,8,1,200,300,0.0,1.0,0.975,0.025
5,32,16,8,3,200,300,0.0,1.0,1.0,0.0
5,32,16,8,5,200,300,0.0,1.0,1.0,0.0
5,32,16,8,10,200,300,0.0,1.0,1.0,0.0
6,32,16,8,1,200,300,0.0,1.0,0.965,0.035
6,32,16,8,3,200,300,0.0,1.0,1.0,0.0
6,32,16,8,5,200,300,0.0,1.0,1.0,0.0
6,32,16,8,10,200,300,0.0,1.0,1.0,0.0
7,32,16,8,1,200,300,0.0,1.0,0.945,0.055
7,32,16,8,3,200,300,0.0,1.0,1.0,0.0
7,32,16,8,5,200,300,0.0,1.0,1.0,0.0
7,32,16,8,10,200,300,0.0,1.0,1.0,0.0
0,32,16,16,1,200,300,0.0,1.0,0.95,0.05
0,32,16,16,3,200,300,0.0,1.0,1.0,0.0
0,32,16,16,5,200,300,0.0,1.0,1.0,0.0
0,32,16,16,10,200,300,0.0,1.0,1.0,0.0
1,32,16,16,1,200,300,0.0,1.0,0.925,0.075
1,32,16,16,3,200,300,0.0,1.0,1.0,0.0
1,32,16,16,5,200,300,0.0,1.0,1.0,0.0
1,32,16,16,10,200,300,0.0,1.0,1.0,0.0
2,32,16,16,1,200,300,0.0,1.0,0.93,0.07
2,32,16,16,3,200,300,0.0,1.0,1.0,0.0
2,32,16,16,5,200,300,0.0,1.0,1.0,0.0
2,32,16,16,10,200,300,0.0,1.0,1.0,0.0
3,32,16,16,1,200,300,0.0,1.0,0.955,0.045
3,32,16,16,3,200,300,0.0,1.0,1.0,0.0
3,32,16,16,5,200,300,0.0,1.0,1.0,0.0
3,32,16,16,10,200,300,0.0,1.0,1.0,0.0
4,32,16,16,1,200,300,0.0,1.0,0.93,0.07
4,32,16,16,3,200,300,0.0,1.0,1.0,0.0
4,32,16,16,5,200,300,0.0,1.0,1.0,0.0
4,32,16,16,10,200,300,0.0,1.0,1.0,0.0
5,32,16,16,1,200,300,0.0,1.0,0.96,0.04
5,32,16,16,3,200,300,0.0,1.0,1.0,0.0
5,32,16,16,5,200,300,0.0,1.0,1.0,0.0
5,32,16,16,10,200,300,0.0,1.0,1.0,0.0
6,32,16,16,1,200,300,0.0,1.0,0.955,0.045
6,32,16,16,3,200,300,0.0,1.0,1.0,0.0
6,32,16,16,5,200,300,0.0,1.0,1.0,0.0
6,32,16,16,10,200,300,0.0,1.0,1.0,0.0
7,32,16,16,1,200,300,0.0,1.0,0.96,0.04
7,32,16,16,3,200,300,0.0,1.0,1.0,0.0
7,32,16,16,5,200,300,0.0,1.0,1.0,0.0
7,32,16,16,10,200,300,0.0,1.0,1.0,0.0
0,32,16,32,1,200,300,0.94,1.0,0.06,0.94
0,32,16,32,3,200,300,0.94,1.0,0.06,0.94
0,32,16,32,5,200,300,0.94,1.0,0.06,0.94
0,32,16,32,10,200,300,0.94,1.0,0.06,0.94
1,32,16,32,1,200,300,0.945,1.0,0.055,0.945
1,32,16,32,3,200,300,0.945,1.0,0.055,0.945
1,32,16,32,5,200,300,0.945,1.0,0.055,0.945
1,32,16,32,10,200,300,0.945,1.0,0.055,0.945
2,32,16,32,1,200,300,0.93,1.0,0.07,0.93
2,32,16,32,3,200,300,0.93,1.0,0.07,0.93
2,32,16,32,5,200,300,0.93,1.0,0.07,0.93
2,32,16,32,10,200,300,0.93,1.0,0.07,0.93
3,32,16,32,1,200,300,0.895,1.0,0.105,0.895
3,32,16,32,3,200,300,0.895,1.0,0.105,0.895
3,32,16,32,5,200,300,0.895,1.0,0.105,0.895
3,32,16,32,10,200,300,0.895,1.0,0.105,0.895
4,32,16,32,1,200,300,0.94,1.0,0.06,0.94
4,32,16,32,3,200,300,0.94,1.0,0.06,0.94
4,32,16,32,5,200,300,0.94,1.0,0.06,0.94
4,32,16,32,10,200,300,0.94,1.0,0.06,0.94
5,32,16,32,1,200,300,0.965,1.0,0.035,0.965
5,32,16,32,3,200,300,0.965,1.0,0.035,0.965
5,32,16,32,5,200,300,0.965,1.0,0.035,0.965
5,32,16,32,10,200,300,0.965,1.0,0.035,0.965
6,32,16,32,1,200,300,0.96,1.0,0.04,0.96
6,32,16,32,3,200,300,0.96,1.0,0.04,0.96
6,32,16,32,5,200,300,0.96,1.0,0.04,0.96
6,32,16,32,10,200,300,0.96,1.0,0.04,0.96
7,32,16,32,1,200,300,0.945,1.0,0.055,0.945
7,32,16,32,3,200,300,0.945,1.0,0.055,0.945
7,32,16,32,5,200,300,0.945,1.0,0.055,0.945
7,32,16,32,10,200,300,0.945,1.0,0.055,0.945
0,64,0,8,1,200,300,0.07,1.0,0.93,0.07
0,64,0,8,3,200,300,0.07,1.0,0.93,0.07
0,64,0,8,5,200,300,0.07,1.0,0.93,0.07
0,64,0,8,10,200,300,0.07,1.0,0.93,0.07
1,64,0,8,1,200,300,0.085,1.0,0.915,0.085
1,64,0,8,3,200,300,0.085,1.0,0.915,0.085
1,64,0,8,5,200,300,0.085,1.0,0.915,0.085
1,64,0,8,10,200,300,0.085,1.0,0.915,0.085
2,64,0,8,1,200,300,0.1,1.0,0.9,0.1
2,64,0,8,3,200,300,0.1,1.0,0.9,0.1
2,64,0,8,5,200,300,0.1,1.0,0.9,0.1
2,64,0,8,10,200,300,0.1,1.0,0.9,0.1
3,64,0,8,1,200,300,0.11,1.0,0.89,0.11
3,64,0,8,3,200,300,0.11,1.0,0.89,0.11
3,64,0,8,5,200,300,0.11,1.0,0.89,0.11
3,64,0,8,10,200,300,0.11,1.0,0.89,0.11
4,64,0,8,1,200,300,0.105,1.0,0.895,0.105
4,64,0,8,3,200,300,0.105,1.0,0.895,0.105
4,64,0,8,5,200,300,0.105,1.0,0.895,0.105
4,64,0,8,10,200,300,0.105,1.0,0.895,0.105
5,64,0,8,1,200,300,0.14,1.0,0.86,0.14
5,64,0,8,3,200,300,0.14,1.0,0.86,0.14
5,64,0,8,5,200,300,0.14,1.0,0.86,0.14
5,64,0,8,10,200,300,0.14,1.0,0.86,0.14
6,64,0,8,1,200,300,0.09,1.0,0.91,0.09
6,64,0,8,3,200,300,0.09,1.0,0.91,0.09
6,64,0,8,5,200,300,0.09,1.0,0.91,0.09
6,64,0,8,10,200,300,0.09,1.0,0.91,0.09
7,64,0,8,1,200,300,0.045,1.0,0.955,0.045
7,64,0,8,3,200,300,0.045,1.0,0.955,0.045
7,64,0,8,5,200,300,0.045,1.0,0.955,0.045
7,64,0,8,10,200,300,0.045,1.0,0.955,0.045
0,64,0,16,1,200,300,0.225,1.0,0.775,0.225
0,64,0,16,3,200,300,0.225,1.0,0.775,0.225
0,64,0,16,5,200,300,0.225,1.0,0.775,0.225
0,64,0,16,10,200,300,0.225,1.0,0.775,0.225
1,64,0,16,1,200,300,0.235,1.0,0.765,0.235
1,64,0,16,3,200,300,0.235,1.0,0.765,0.235
1,64,0,16,5,200,300,0.235,1.0,0.765,0.235
1,64,0,16,10,200,300,0.235,1.0,0.765,0.235
2,64,0,16,1,200,300,0.195,1.0,0.805,0.195
2,64,0,16,3,200,300,0.195,1.0,0.805,0.195
2,64,0,16,5,200,300,0.195,1.0,0.805,0.195
2,64,0,16,10,200,300,0.195,1.0,0.805,0.195
3,64,0,16,1,200,300,0.22,1.0,0.78,0.22
3,64,0,16,3,200,300,0.22,1.0,0.78,0.22
3,64,0,16,5,200,300,0.22,1.0,0.78,0.22
3,64,0,16,10,200,300,0.22,1.0,0.78,0.22
4,64,0,16,1,200,300,0.195,1.0,0.805,0.195
4,64,0,16,3,200,300,0.195,1.0,0.805,0.195
4,64,0,16,5,200,300,0.195,1.0,0.805,0.195
4,64,0,16,10,200,300,0.195,1.0,0.805,0.195
5,64,0,16,1,200,300,0.19,1.0,0.81,0.19
5,64,0,16,3,200,300,0.19,1.0,0.81,0.19
5,64,0,16,5,200,300,0.19,1.0,0.81,0.19
5,64,0,16,10,200,300,0.19,1.0,0.81,0.19
6,64,0,16,1,200,300,0.235,1.0,0.765,0.235
6,64,0,16,3,200,300,0.235,1.0,0.765,0.235
6,64,0,16,5,200,300,0.235,1.0,0.765,0.235
6,64,0,16,10,200,300,0.235,1.0,0.765,0.235
7,64,0,16,1,200,300,0.225,1.0,0.775,0.225
7,64,0,16,3,200,300,0.225,1.0,0.775,0.225
7,64,0,16,5,200,300,0.225,1.0,0.775,0.225
7,64,0,16,10,200,300,0.225,1.0,0.775,0.225
0,64,0,32,1,200,300,0.49,1.0,0.51,0.49
0,64,0,32,3,200,300,0.49,1.0,0.51,0.49
0,64,0,32,5,200,300,0.49,1.0,0.51,0.49
0,64,0,32,10,200,300,0.49,1.0,0.51,0.49
1,64,0,32,1,200,300,0.475,1.0,0.525,0.475
1,64,0,32,3,200,300,0.475,1.0,0.525,0.475
1,64,0,32,5,200,300,0.475,1.0,0.525,0.475
1,64,0,32,10,200,300,0.475,1.0,0.525,0.475
2,64,0,32,1,200,300,0.435,1.0,0.565,0.435
2,64,0,32,3,200,300,0.435,1.0,0.565,0.435
2,64,0,32,5,200,300,0.435,1.0,0.565,0.435
2,64,0,32,10,200,300,0.435,1.0,0.565,0.435
3,64,0,32,1,200,300,0.49,1.0,0.51,0.49
3,64,0,32,3,200,300,0.49,1.0,0.51,0.49
3,64,0,32,5,200,300,0.49,1.0,0.51,0.49
3,64,0,32,10,200,300,0.49,1.0,0.51,0.49
4,64,0,32,1,200,300,0.46,1.0,0.54,0.46
4,64,0,32,3,200,300,0.46,1.0,0.54,0.46
4,64,0,32,5,200,300,0.46,1.0,0.54,0.46
4,64,0,32,10,200,300,0.46,1.0,0.54,0.46
5,64,0,32,1,200,300,0.43,1.0,0.57,0.43
5,64,0,32,3,200,300,0.43,1.0,0.57,0.43
5,64,0,32,5,200,300,0.43,1.0,0.57,0.43
5,64,0,32,10,200,300,0.43,1.0,0.57,0.43
6,64,0,32,1,200,300,0.45,1.0,0.55,0.45
6,64,0,32,3,200,300,0.45,1.0,0.55,0.45
6,64,0,32,5,200,300,0.45,1.0,0.55,0.45
6,64,0,32,10,200,300,0.45,1.0,0.55,0.45
7,64,0,32,1,200,300,0.435,1.0,0.565,0.435
7,64,0,32,3,200,300,0.435,1.0,0.565,0.435
7,64,0,32,5,200,300,0.435,1.0,0.565,0.435
7,64,0,32,10,200,300,0.435,1.0,0.565,0.435
0,64,8,8,1,200,300,0.0,1.0,0.99,0.01
0,64,8,8,3,200,300,0.0,1.0,1.0,0.0
0,64,8,8,5,200,300,0.0,1.0,1.0,0.0
0,64,8,8,10,200,300,0.0,1.0,1.0,0.0
1,64,8,8,1,200,300,0.0,1.0,0.985,0.015
1,64,8,8,3,200,300,0.0,1.0,1.0,0.0
1,64,8,8,5,200,300,0.0,1.0,1.0,0.0
1,64,8,8,10,200,300,0.0,1.0,1.0,0.0
2,64,8,8,1,200,300,0.0,1.0,0.975,0.025
2,64,8,8,3,200,300,0.0,1.0,1.0,0.0
2,64,8,8,5,200,300,0.0,1.0,1.0,0.0
2,64,8,8,10,200,300,0.0,1.0,1.0,0.0
3,64,8,8,1,200,300,0.0,1.0,0.975,0.025
3,64,8,8,3,200,300,0.0,1.0,1.0,0.0
3,64,8,8,5,200,300,0.0,1.0,1.0,0.0
3,64,8,8,10,200,300,0.0,1.0,1.0,0.0
4,64,8,8,1,200,300,0.0,1.0,0.99,0.01
4,64,8,8,3,200,300,0.0,1.0,1.0,0.0
4,64,8,8,5,200,300,0.0,1.0,1.0,0.0
4,64,8,8,10,200,300,0.0,1.0,1.0,0.0
5,64,8,8,1,200,300,0.0,1.0,0.99,0.01
5,64,8,8,3,200,300,0.0,1.0,1.0,0.0
5,64,8,8,5,200,300,0.0,1.0,1.0,0.0
5,64,8,8,10,200,300,0.0,1.0,1.0,0.0
6,64,8,8,1,200,300,0.0,1.0,0.985,0.015
6,64,8,8,3,200,300,0.0,1.0,1.0,0.0
6,64,8,8,5,200,300,0.0,1.0,1.0,0.0
6,64,8,8,10,200,300,0.0,1.0,1.0,0.0
7,64,8,8,1,200,300,0.0,1.0,0.995,0.005
7,64,8,8,3,200,300,0.0,1.0,1.0,0.0
7,64,8,8,5,200,300,0.0,1.0,1.0,0.0
7,64,8,8,10,200,300,0.0,1.0,1.0,0.0
0,64,8,16,1,200,300,0.1,1.0,0.9,0.1
0,64,8,16,3,200,300,0.1,1.0,0.9,0.1
0,64,8,16,5,200,300,0.1,1.0,0.9,0.1
0,64,8,16,10,200,300,0.1,1.0,0.9,0.1
1,64,8,16,1,200,300,0.1,1.0,0.9,0.1
1,64,8,16,3,200,300,0.1,1.0,0.9,0.1
1,64,8,16,5,200,300,0.1,1.0,0.9,0.1
1,64,8,16,10,200,300,0.1,1.0,0.9,0.1
2,64,8,16,1,200,300,0.115,1.0,0.885,0.115
2,64,8,16,3,200,300,0.115,1.0,0.885,0.115
2,64,8,16,5,200,300,0.115,1.0,0.885,0.115
2,64,8,16,10,200,300,0.115,1.0,0.885,0.115
3,64,8,16,1,200,300,0.105,1.0,0.895,0.105
3,64,8,16,3,200,300,0.105,1.0,0.895,0.105
3,64,8,16,5,200,300,0.105,1.0,0.895,0.105
3,64,8,16,10,200,300,0.105,1.0,0.895,0.105
4,64,8,16,1,200,300,0.13,1.0,0.87,0.13
4,64,8,16,3,200,300,0.13,1.0,0.87,0.13
4,64,8,16,5,200,300,0.13,1.0,0.87,0.13
4,64,8,16,10,200,300,0.13,1.0,0.87,0.13
5,64,8,16,1,200,300,0.145,1.0,0.855,0.145
5,64,8,16,3,200,300,0.145,1.0,0.855,0.145
5,64,8,16,5,200,300,0.145,1.0,0.855,0.145
5,64,8,16,10,200,300,0.145,1.0,0.855,0.145
6,64,8,16,1,200,300,0.155,1.0,0.845,0.155
6,64,8,16,3,200,300,0.155,1.0,0.845,0.155
6,64,8,16,5,200,300,0.155,1.0,0.845,0.155
6,64,8,16,10,200,300,0.155,1.0,0.845,0.155
7,64,8,16,1,200,300,0.125,1.0,0.875,0.125
7,64,8,16,3,200,300,0.125,1.0,0.875,0.125
7,64,8,16,5,200,300,0.125,1.0,0.875,0.125
7,64,8,16,10,200,300,0.125,1.0,0.875,0.125
0,64,8,32,1,200,300,0.415,1.0,0.585,0.415
0,64,8,32,3,200,300,0.415,1.0,0.585,0.415
0,64,8,32,5,200,300,0.415,1.0,0.585,0.415
0,64,8,32,10,200,300,0.415,1.0,0.585,0.415
1,64,8,32,1,200,300,0.4,1.0,0.6,0.4
1,64,8,32,3,200,300,0.4,1.0,0.6,0.4
1,64,8,32,5,200,300,0.4,1.0,0.6,0.4
1,64,8,32,10,200,300,0.4,1.0,0.6,0.4
2,64,8,32,1,200,300,0.415,1.0,0.585,0.415
2,64,8,32,3,200,300,0.415,1.0,0.585,0.415
2,64,8,32,5,200,300,0.415,1.0,0.585,0.415
2,64,8,32,10,200,300,0.415,1.0,0.585,0.415
3,64,8,32,1,200,300,0.44,1.0,0.56,0.44
3,64,8,32,3,200,300,0.44,1.0,0.56,0.44
3,64,8,32,5,200,300,0.44,1.0,0.56,0.44
3,64,8,32,10,200,300,0.44,1.0,0.56,0.44
4,64,8,32,1,200,300,0.32,1.0,0.68,0.32
4,64,8,32,3,200,300,0.32,1.0,0.68,0.32
4,64,8,32,5,200,300,0.32,1.0,0.68,0.32
4,64,8,32,10,200,300,0.32,1.0,0.68,0.32
5,64,8,32,1,200,300,0.375,1.0,0.625,0.375
5,64,8,32,3,200,300,0.375,1.0,0.625,0.375
5,64,8,32,5,200,300,0.375,1.0,0.625,0.375
5,64,8,32,10,200,300,0.375,1.0,0.625,0.375
6,64,8,32,1,200,300,0.4,1.0,0.6,0.4
6,64,8,32,3,200,300,0.4,1.0,0.6,0.4
6,64,8,32,5,200,300,0.4,1.0,0.6,0.4
6,64,8,32,10,200,300,0.4,1.0,0.6,0.4
7,64,8,32,1,200,300,0.395,1.0,0.605,0.395
7,64,8,32,3,200,300,0.395,1.0,0.605,0.395
7,64,8,32,5,200,300,0.395,1.0,0.605,0.395
7,64,8,32,10,200,300,0.395,1.0,0.605,0.395
0,64,16,8,1,200,300,0.0,1.0,1.0,0.0
0,64,16,8,3,200,300,0.0,1.0,1.0,0.0
0,64,16,8,5,200,300,0.0,1.0,1.0,0.0
0,64,16,8,10,200,300,0.0,1.0,1.0,0.0
1,64,16,8,1,200,300,0.0,1.0,0.975,0.025
1,64,16,8,3,200,300,0.0,1.0,1.0,0.0
1,64,16,8,5,200,300,0.0,1.0,1.0,0.0
1,64,16,8,10,200,300,0.0,1.0,1.0,0.0
2,64,16,8,1,200,300,0.0,1.0,0.99,0.01
2,64,16,8,3,200,300,0.0,1.0,1.0,0.0
2,64,16,8,5,200,300,0.0,1.0,1.0,0.0
2,64,16,8,10,200,300,0.0,1.0,1.0,0.0
3,64,16,8,1,200,300,0.0,1.0,0.99,0.01
3,64,16,8,3,200,300,0.0,1.0,1.0,0.0
3,64,16,8,5,200,300,0.0,1.0,1.0,0.0
3,64,16,8,10,200,300,0.0,1.0,1.0,0.0
4,64,16,8,1,200,300,0.0,1.0,0.975,0.025
4,64,16,8,3,200,300,0.0,1.0,1.0,0.0
4,64,16,8,5,200,300,0.0,1.0,1.0,0.0
4,64,16,8,10,200,300,0.0,1.0,1.0,0.0
5,64,16,8,1,200,300,0.0,1.0,0.985,0.015
5,64,16,8,3,200,300,0.0,1.0,1.0,0.0
5,64,16,8,5,200,300,0.0,1.0,1.0,0.0
5,64,16,8,10,200,300,0.0,1.0,1.0,0.0
6,64,16,8,1,200,300,0.0,1.0,0.985,0.015
6,64,16,8,3,200,300,0.0,1.0,1.0,0.0
6,64,16,8,5,200,300,0.0,1.0,1.0,0.0
6,64,16,8,10,200,300,0.0,1.0,1.0,0.0
7,64,16,8,1,200,300,0.0,1.0,0.99,0.01
7,64,16,8,3,200,300,0.0,1.0,1.0,0.0
7,64,16,8,5,200,300,0.0,1.0,1.0,0.0
7,64,16,8,10,200,300,0.0,1.0,1.0,0.0
0,64,16,16,1,200,300,0.0,1.0,0.985,0.015
0,64,16,16,3,200,300,0.0,1.0,1.0,0.0
0,64,16,16,5,200,300,0.0,1.0,1.0,0.0
0,64,16,16,10,200,300,0.0,1.0,1.0,0.0
1,64,16,16,1,200,300,0.0,1.0,0.975,0.025
1,64,16,16,3,200,300,0.0,1.0,1.0,0.0
1,64,16,16,5,200,300,0.0,1.0,1.0,0.0
1,64,16,16,10,200,300,0.0,1.0,1.0,0.0
2,64,16,16,1,200,300,0.0,1.0,0.99,0.01
2,64,16,16,3,200,300,0.0,1.0,1.0,0.0
2,64,16,16,5,200,300,0.0,1.0,1.0,0.0
2,64,16,16,10,200,300,0.0,1.0,1.0,0.0
3,64,16,16,1,200,300,0.0,1.0,0.98,0.02
3,64,16,16,3,200,300,0.0,1.0,1.0,0.0
3,64,16,16,5,200,300,0.0,1.0,1.0,0.0
3,64,16,16,10,200,300,0.0,1.0,1.0,0.0
4,64,16,16,1,200,300,0.0,1.0,0.99,0.01
4,64,16,16,3,200,300,0.0,1.0,1.0,0.0
4,64,16,16,5,200,300,0.0,1.0,1.0,0.0
4,64,16,16,10,200,300,0.0,1.0,1.0,0.0
5,64,16,16,1,200,300,0.0,1.0,0.995,0.005
5,64,16,16,3,200,300,0.0,1.0,1.0,0.0
5,64,16,16,5,200,300,0.0,1.0,1.0,0.0
5,64,16,16,10,200,300,0.0,1.0,1.0,0.0
6,64,16,16,1,200,300,0.0,1.0,0.985,0.015
6,64,16,16,3,200,300,0.0,1.0,1.0,0.0
6,64,16,16,5,200,300,0.0,1.0,1.0,0.0
6,64,16,16,10,200,300,0.0,1.0,1.0,0.0
7,64,16,16,1,200,300,0.0,1.0,0.995,0.005
7,64,16,16,3,200,300,0.0,1.0,1.0,0.0
7,64,16,16,5,200,300,0.0,1.0,1.0,0.0
7,64,16,16,10,200,300,0.0,1.0,1.0,0.0
0,64,16,32,1,200,300,0.245,1.0,0.755,0.245
0,64,16,32,3,200,300,0.245,1.0,0.755,0.245
0,64,16,32,5,200,300,0.245,1.0,0.755,0.245
0,64,16,32,10,200,300,0.245,1.0,0.755,0.245
1,64,16,32,1,200,300,0.27,1.0,0.73,0.27
1,64,16,32,3,200,300,0.27,1.0,0.73,0.27
1,64,16,32,5,200,300,0.27,1.0,0.73,0.27
1,64,16,32,10,200,300,0.27,1.0,0.73,0.27
2,64,16,32,1,200,300,0.3,1.0,0.7,0.3
2,64,16,32,3,200,300,0.3,1.0,0.7,0.3
2,64,16,32,5,200,300,0.3,1.0,0.7,0.3
2,64,16,32,10,200,300,0.3,1.0,0.7,0.3
3,64,16,32,1,200,300,0.27,1.0,0.73,0.27
3,64,16,32,3,200,300,0.27,1.0,0.73,0.27
3,64,16,32,5,200,300,0.27,1.0,0.73,0.27
3,64,16,32,10,200,300,0.27,1.0,0.73,0.27
4,64,16,32,1,200,300,0.225,1.0,0.775,0.225
4,64,16,32,3,200,300,0.225,1.0,0.775,0.225
4,64,16,32,5,200,300,0.225,1.0,0.775,0.225
4,64,16,32,10,200,300,0.225,1.0,0.775,0.225
5,64,16,32,1,200,300,0.335,1.0,0.665,0.335
5,64,16,32,3,200,300,0.335,1.0,0.665,0.335
5,64,16,32,5,200,300,0.335,1.0,0.665,0.335
5,64,16,32,10,200,300,0.335,1.0,0.665,0.335
6,64,16,32,1,200,300,0.295,1.0,0.705,0.295
6,64,16,32,3,200,300,0.295,1.0,0.705,0.295
6,64,16,32,5,200,300,0.295,1.0,0.705,0.295
6,64,16,32,10,200,300,0.295,1.0,0.705,0.295
7,64,16,32,1,200,300,0.26,1.0,0.74,0.26
7,64,16,32,3,200,300,0.26,1.0,0.74,0.26
7,64,16,32,5,200,300,0.26,1.0,0.74,0.26
7,64,16,32,10,200,300,0.26,1.0,0.74,0.26
0,64,32,8,1,200,300,0.0,1.0,0.98,0.02
0,64,32,8,3,200,300,0.0,1.0,1.0,0.0
0,64,32,8,5,200,300,0.0,1.0,1.0,0.0
0,64,32,8,10,200,300,0.0,1.0,1.0,0.0
1,64,32,8,1,200,300,0.0,1.0,0.975,0.025
1,64,32,8,3,200,300,0.0,1.0,1.0,0.0
1,64,32,8,5,200,300,0.0,1.0,1.0,0.0
1,64,32,8,10,200,300,0.0,1.0,1.0,0.0
2,64,32,8,1,200,300,0.0,1.0,0.975,0.025
2,64,32,8,3,200,300,0.0,1.0,1.0,0.0
2,64,32,8,5,200,300,0.0,1.0,1.0,0.0
2,64,32,8,10,200,300,0.0,1.0,1.0,0.0
3,64,32,8,1,200,300,0.0,1.0,0.98,0.02
3,64,32,8,3,200,300,0.0,1.0,1.0,0.0
3,64,32,8,5,200,300,0.0,1.0,1.0,0.0
3,64,32,8,10,200,300,0.0,1.0,1.0,0.0
4,64,32,8,1,200,300,0.0,1.0,0.97,0.03
4,64,32,8,3,200,300,0.0,1.0,1.0,0.0
4,64,32,8,5,200,300,0.0,1.0,1.0,0.0
4,64,32,8,10,200,300,0.0,1.0,1.0,0.0
5,64,32,8,1,200,300,0.0,1.0,0.95,0.05
5,64,32,8,3,200,300,0.0,1.0,1.0,0.0
5,64,32,8,5,200,300,0.0,1.0,1.0,0.0
5,64,32,8,10,200,300,0.0,1.0,1.0,0.0
6,64,32,8,1,200,300,0.0,1.0,0.975,0.025
6,64,32,8,3,200,300,0.0,1.0,1.0,0.0
6,64,32,8,5,200,300,0.0,1.0,1.0,0.0
6,64,32,8,10,200,300,0.0,1.0,1.0,0.0
7,64,32,8,1,200,300,0.0,1.0,0.965,0.035
7,64,32,8,3,200,300,0.0,1.0,1.0,0.0
7,64,32,8,5,200,300,0.0,1.0,1.0,0.0
7,64,32,8,10,200,300,0.0,1.0,1.0,0.0
0,64,32,16,1,200,300,0.0,1.0,0.97,0.03
0,64,32,16,3,200,300,0.0,1.0,1.0,0.0
0,64,32,16,5,200,300,0.0,1.0,1.0,0.0
0,64,32,16,10,200,300,0.0,1.0,1.0,0.0
1,64,32,16,1,200,300,0.0,1.0,0.97,0.03
1,64,32,16,3,200,300,0.0,1.0,1.0,0.0
1,64,32,16,5,200,300,0.0,1.0,1.0,0.0
1,64,32,16,10,200,300,0.0,1.0,1.0,0.0
2,64,32,16,1,200,300,0.0,1.0,0.975,0.025
2,64,32,16,3,200,300,0.0,1.0,1.0,0.0
2,64,32,16,5,200,300,0.0,1.0,1.0,0.0
2,64,32,16,10,200,300,0.0,1.0,1.0,0.0
3,64,32,16,1,200,300,0.0,1.0,0.965,0.035
3,64,32,16,3,200,300,0.0,1.0,1.0,0.0
3,64,32,16,5,200,300,0.0,1.0,1.0,0.0
3,64,32,16,10,200,300,0.0,1.0,1.0,0.0
4,64,32,16,1,200,300,0.0,1.0,0.945,0.055
4,64,32,16,3,200,300,0.0,1.0,1.0,0.0
4,64,32,16,5,200,300,0.0,1.0,1.0,0.0
4,64,32,16,10,200,300,0.0,1.0,1.0,0.0
5,64,32,16,1,200,300,0.0,1.0,0.98,0.02
5,64,32,16,3,200,300,0.0,1.0,1.0,0.0
5,64,32,16,5,200,300,0.0,1.0,1.0,0.0
5,64,32,16,10,200,300,0.0,1.0,1.0,0.0
6,64,32,16,1,200,300,0.0,1.0,0.96,0.04
6,64,32,16,3,200,300,0.0,1.0,1.0,0.0
6,64,32,16,5,200,300,0.0,1.0,1.0,0.0
6,64,32,16,10,200,300,0.0,1.0,1.0,0.0
7,64,32,16,1,200,300,0.0,1.0,0.97,0.03
7,64,32,16,3,200,300,0.0,1.0,1.0,0.0
7,64,32,16,5,200,300,0.0,1.0,1.0,0.0
7,64,32,16,10,200,300,0.0,1.0,1.0,0.0
0,64,32,32,1,200,300,0.0,1.0,0.935,0.065
0,64,32,32,3,200,300,0.0,1.0,1.0,0.0
0,64,32,32,5,200,300,0.0,1.0,1.0,0.0
0,64,32,32,10,200,300,0.0,1.0,1.0,0.0
1,64,32,32,1,200,300,0.0,1.0,0.935,0.065
1,64,32,32,3,200,300,0.0,1.0,1.0,0.0
1,64,32,32,5,200,300,0.0,1.0,1.0,0.0
1,64,32,32,10,200,300,0.0,1.0,1.0,0.0
2,64,32,32,1,200,300,0.0,1.0,0.955,0.045
2,64,32,32,3,200,300,0.0,1.0,1.0,0.0
2,64,32,32,5,200,300,0.0,1.0,1.0,0.0
2,64,32,32,10,200,300,0.0,1.0,1.0,0.0
3,64,32,32,1,200,300,0.0,1.0,0.95,0.05
3,64,32,32,3,200,300,0.0,1.0,1.0,0.0
3,64,32,32,5,200,300,0.0,1.0,1.0,0.0
3,64,32,32,10,200,300,0.0,1.0,1.0,0.0
4,64,32,32,1,200,300,0.0,1.0,0.965,0.035
4,64,32,32,3,200,300,0.0,1.0,1.0,0.0
4,64,32,32,5,200,300,0.0,1.0,1.0,0.0
4,64,32,32,10,200,300,0.0,1.0,1.0,0.0
5,64,32,32,1,200,300,0.0,1.0,0.97,0.03
5,64,32,32,3,200,300,0.0,1.0,1.0,0.0
5,64,32,32,5,200,300,0.0,1.0,1.0,0.0
5,64,32,32,10,200,300,0.0,1.0,1.0,0.0
6,64,32,32,1,200,300,0.0,1.0,0.955,0.045
6,64,32,32,3,200,300,0.0,1.0,1.0,0.0
6,64,32,32,5,200,300,0.0,1.0,1.0,0.0
6,64,32,32,10,200,300,0.0,1.0,1.0,0.0
7,64,32,32,1,200,300,0.0,1.0,0.94,0.06
7,64,32,32,3,200,300,0.0,1.0,1.0,0.0
7,64,32,32,5,200,300,0.0,1.0,1.0,0.0
7,64,32,32,10,200,300,0.0,1.0,1.0,0.0
0,128,0,8,1,200,300,0.055,1.0,0.945,0.055
0,128,0,8,3,200,300,0.055,1.0,0.945,0.055
0,128,0,8,5,200,300,0.055,1.0,0.945,0.055
0,128,0,8,10,200,300,0.055,1.0,0.945,0.055
1,128,0,8,1,200,300,0.08,1.0,0.92,0.08
1,128,0,8,3,200,300,0.08,1.0,0.92,0.08
1,128,0,8,5,200,300,0.08,1.0,0.92,0.08
1,128,0,8,10,200,300,0.08,1.0,0.92,0.08
2,128,0,8,1,200,300,0.04,1.0,0.96,0.04
2,128,0,8,3,200,300,0.04,1.0,0.96,0.04
2,128,0,8,5,200,300,0.04,1.0,0.96,0.04
2,128,0,8,10,200,300,0.04,1.0,0.96,0.04
3,128,0,8,1,200,300,0.025,1.0,0.975,0.025
3,128,0,8,3,200,300,0.025,1.0,0.975,0.025
3,128,0,8,5,200,300,0.025,1.0,0.975,0.025
3,128,0,8,10,200,300,0.025,1.0,0.975,0.025
4,128,0,8,1,200,300,0.045,1.0,0.955,0.045
4,128,0,8,3,200,300,0.045,1.0,0.955,0.045
4,128,0,8,5,200,300,0.045,1.0,0.955,0.045
4,128,0,8,10,200,300,0.045,1.0,0.955,0.045
5,128,0,8,1,200,300,0.03,1.0,0.97,0.03
5,128,0,8,3,200,300,0.03,1.0,0.97,0.03
5,128,0,8,5,200,300,0.03,1.0,0.97,0.03
5,128,0,8,10,200,300,0.03,1.0,0.97,0.03
6,128,0,8,1,200,300,0.05,1.0,0.95,0.05
6,128,0,8,3,200,300,0.05,1.0,0.95,0.05
6,128,0,8,5,200,300,0.05,1.0,0.95,0.05
6,128,0,8,10,200,300,0.05,1.0,0.95,0.05
7,128,0,8,1,200,300,0.015,1.0,0.985,0.015
7,128,0,8,3,200,300,0.015,1.0,0.985,0.015
7,128,0,8,5,200,300,0.015,1.0,0.985,0.015
7,128,0,8,10,200,300,0.015,1.0,0.985,0.015
0,128,0,16,1,200,300,0.125,1.0,0.875,0.125
0,128,0,16,3,200,300,0.125,1.0,0.875,0.125
0,128,0,16,5,200,300,0.125,1.0,0.875,0.125
0,128,0,16,10,200,300,0.125,1.0,0.875,0.125
1,128,0,16,1,200,300,0.085,1.0,0.915,0.085
1,128,0,16,3,200,300,0.085,1.0,0.915,0.085
1,128,0,16,5,200,300,0.085,1.0,0.915,0.085
1,128,0,16,10,200,300,0.085,1.0,0.915,0.085
2,128,0,16,1,200,300,0.145,1.0,0.855,0.145
2,128,0,16,3,200,300,0.145,1.0,0.855,0.145
2,128,0,16,5,200,300,0.145,1.0,0.855,0.145
2,128,0,16,10,200,300,0.145,1.0,0.855,0.145
3,128,0,16,1,200,300,0.145,1.0,0.855,0.145
3,128,0,16,3,200,300,0.145,1.0,0.855,0.145
3,128,0,16,5,200,300,0.145,1.0,0.855,0.145
3,128,0,16,10,200,300,0.145,1.0,0.855,0.145
4,128,0,16,1,200,300,0.08,1.0,0.92,0.08
4,128,0,16,3,200,300,0.08,1.0,0.92,0.08
4,128,0,16,5,200,300,0.08,1.0,0.92,0.08
4,128,0,16,10,200,300,0.08,1.0,0.92,0.08
5,128,0,16,1,200,300,0.12,1.0,0.88,0.12
5,128,0,16,3,200,300,0.12,1.0,0.88,0.12
5,128,0,16,5,200,300,0.12,1.0,0.88,0.12
5,128,0,16,10,200,300,0.12,1.0,0.88,0.12
6,128,0,16,1,200,300,0.085,1.0,0.915,0.085
6,128,0,16,3,200,300,0.085,1.0,0.915,0.085
6,128,0,16,5,200,300,0.085,1.0,0.915,0.085
6,128,0,16,10,200,300,0.085,1.0,0.915,0.085
7,128,0,16,1,200,300,0.13,1.0,0.87,0.13
7,128,0,16,3,200,300,0.13,1.0,0.87,0.13
7,128,0,16,5,200,300,0.13,1.0,0.87,0.13
7,128,0,16,10,200,300,0.13,1.0,0.87,0.13
0,128,0,32,1,200,300,0.24,1.0,0.76,0.24
0,128,0,32,3,200,300,0.24,1.0,0.76,0.24
0,128,0,32,5,200,300,0.24,1.0,0.76,0.24
0,128,0,32,10,200,300,0.24,1.0,0.76,0.24
1,128,0,32,1,200,300,0.27,1.0,0.73,0.27
1,128,0,32,3,200,300,0.27,1.0,0.73,0.27
1,128,0,32,5,200,300,0.27,1.0,0.73,0.27
1,128,0,32,10,200,300,0.27,1.0,0.73,0.27
2,128,0,32,1,200,300,0.225,1.0,0.775,0.225
2,128,0,32,3,200,300,0.225,1.0,0.775,0.225
2,128,0,32,5,200,300,0.225,1.0,0.775,0.225
2,128,0,32,10,200,300,0.225,1.0,0.775,0.225
3,128,0,32,1,200,300,0.235,1.0,0.765,0.235
3,128,0,32,3,200,300,0.235,1.0,0.765,0.235
3,128,0,32,5,200,300,0.235,1.0,0.765,0.235
3,128,0,32,10,200,300,0.235,1.0,0.765,0.235
4,128,0,32,1,200,300,0.28,1.0,0.72,0.28
4,128,0,32,3,200,300,0.28,1.0,0.72,0.28
4,128,0,32,5,200,300,0.28,1.0,0.72,0.28
4,128,0,32,10,200,300,0.28,1.0,0.72,0.28
5,128,0,32,1,200,300,0.23,1.0,0.77,0.23
5,128,0,32,3,200,300,0.23,1.0,0.77,0.23
5,128,0,32,5,200,300,0.23,1.0,0.77,0.23
5,128,0,32,10,200,300,0.23,1.0,0.77,0.23
6,128,0,32,1,200,300,0.235,1.0,0.765,0.235
6,128,0,32,3,200,300,0.235,1.0,0.765,0.235
6,128,0,32,5,200,300,0.235,1.0,0.765,0.235
6,128,0,32,10,200,300,0.235,1.0,0.765,0.235
7,128,0,32,1,200,300,0.265,1.0,0.735,0.265
7,128,0,32,3,200,300,0.265,1.0,0.735,0.265
7,128,0,32,5,200,300,0.265,1.0,0.735,0.265
7,128,0,32,10,200,300,0.265,1.0,0.735,0.265
0,128,8,8,1,200,300,0.0,1.0,0.995,0.005
0,128,8,8,3,200,300,0.0,1.0,1.0,0.0
0,128,8,8,5,200,300,0.0,1.0,1.0,0.0
0,128,8,8,10,200,300,0.0,1.0,1.0,0.0
1,128,8,8,1,200,300,0.0,1.0,0.995,0.005
1,128,8,8,3,200,300,0.0,1.0,1.0,0.0
1,128,8,8,5,200,300,0.0,1.0,1.0,0.0
1,128,8,8,10,200,300,0.0,1.0,1.0,0.0
2,128,8,8,1,200,300,0.0,1.0,0.99,0.01
2,128,8,8,3,200,300,0.0,1.0,1.0,0.0
2,128,8,8,5,200,300,0.0,1.0,1.0,0.0
2,128,8,8,10,200,300,0.0,1.0,1.0,0.0
3,128,8,8,1,200,300,0.0,1.0,0.995,0.005
3,128,8,8,3,200,300,0.0,1.0,1.0,0.0
3,128,8,8,5,200,300,0.0,1.0,1.0,0.0
3,128,8,8,10,200,300,0.0,1.0,1.0,0.0
4,128,8,8,1,200,300,0.0,1.0,1.0,0.0
4,128,8,8,3,200,300,0.0,1.0,1.0,0.0
4,128,8,8,5,200,300,0.0,1.0,1.0,0.0
4,128,8,8,10,200,300,0.0,1.0,1.0,0.0
5,128,8,8,1,200,300,0.0,1.0,0.98,0.02
5,128,8,8,3,200,300,0.0,1.0,1.0,0.0
5,128,8,8,5,200,300,0.0,1.0,1.0,0.0
5,128,8,8,10,200,300,0.0,1.0,1.0,0.0
6,128,8,8,1,200,300,0.0,1.0,0.995,0.005
6,128,8,8,3,200,300,0.0,1.0,1.0,0.0
6,128,8,8,5,200,300,0.0,1.0,1.0,0.0
6,128,8,8,10,200,300,0.0,1.0,1.0,0.0
7,128,8,8,1,200,300,0.0,1.0,0.99,0.01
7,128,8,8,3,200,300,0.0,1.0,1.0,0.0
7,128,8,8,5,200,300,0.0,1.0,1.0,0.0
7,128,8,8,10,200,300,0.0,1.0,1.0,0.0
0,128,8,16,1,200,300,0.055,1.0,0.945,0.055
0,128,8,16,3,200,300,0.055,1.0,0.945,0.055
0,128,8,16,5,200,300,0.055,1.0,0.945,0.055
0,128,8,16,10,200,300,0.055,1.0,0.945,0.055
1,128,8,16,1,200,300,0.065,1.0,0.935,0.065
1,128,8,16,3,200,300,0.065,1.0,0.935,0.065
1,128,8,16,5,200,300,0.065,1.0,0.935,0.065
1,128,8,16,10,200,300,0.065,1.0,0.935,0.065
2,128,8,16,1,200,300,0.045,1.0,0.955,0.045
2,128,8,16,3,200,300,0.045,1.0,0.955,0.045
2,128,8,16,5,200,300,0.045,1.0,0.955,0.045
2,128,8,16,10,200,300,0.045,1.0,0.955,0.045
3,128,8,16,1,200,300,0.035,1.0,0.965,0.035
3,128,8,16,3,200,300,0.035,1.0,0.965,0.035
3,128,8,16,5,200,300,0.035,1.0,0.965,0.035
3,128,8,16,10,200,300,0.035,1.0,0.965,0.035
4,128,8,16,1,200,300,0.04,1.0,0.96,0.04
4,128,8,16,3,200,300,0.04,1.0,0.96,0.04
4,128,8,16,5,200,300,0.04,1.0,0.96,0.04
4,128,8,16,10,200,300,0.04,1.0,0.96,0.04
5,128,8,16,1,200,300,0.035,1.0,0.965,0.035
5,128,8,16,3,200,300,0.035,1.0,0.965,0.035
5,128,8,16,5,200,300,0.035,1.0,0.965,0.035
5,128,8,16,10,200,300,0.035,1.0,0.965,0.035
6,128,8,16,1,200,300,0.035,1.0,0.965,0.035
6,128,8,16,3,200,300,0.035,1.0,0.965,0.035
6,128,8,16,5,200,300,0.035,1.0,0.965,0.035
6,128,8,16,10,200,300,0.035,1.0,0.965,0.035
7,128,8,16,1,200,300,0.055,1.0,0.945,0.055
7,128,8,16,3,200,300,0.055,1.0,0.945,0.055
7,128,8,16,5,200,300,0.055,1.0,0.945,0.055
7,128,8,16,10,200,300,0.055,1.0,0.945,0.055
0,128,8,32,1,200,300,0.2,1.0,0.8,0.2
0,128,8,32,3,200,300,0.2,1.0,0.8,0.2
0,128,8,32,5,200,300,0.2,1.0,0.8,0.2
0,128,8,32,10,200,300,0.2,1.0,0.8,0.2
1,128,8,32,1,200,300,0.195,1.0,0.805,0.195
1,128,8,32,3,200,300,0.195,1.0,0.805,0.195
1,128,8,32,5,200,300,0.195,1.0,0.805,0.195
1,128,8,32,10,200,300,0.195,1.0,0.805,0.195
2,128,8,32,1,200,300,0.115,1.0,0.885,0.115
2,128,8,32,3,200,300,0.115,1.0,0.885,0.115
2,128,8,32,5,200,300,0.115,1.0,0.885,0.115
2,128,8,32,10,200,300,0.115,1.0,0.885,0.115
3,128,8,32,1,200,300,0.215,1.0,0.785,0.215
3,128,8,32,3,200,300,0.215,1.0,0.785,0.215
3,128,8,32,5,200,300,0.215,1.0,0.785,0.215
3,128,8,32,10,200,300,0.215,1.0,0.785,0.215
4,128,8,32,1,200,300,0.15,1.0,0.85,0.15
4,128,8,32,3,200,300,0.15,1.0,0.85,0.15
4,128,8,32,5,200,300,0.15,1.0,0.85,0.15
4,128,8,32,10,200,300,0.15,1.0,0.85,0.15
5,128,8,32,1,200,300,0.195,1.0,0.805,0.195
5,128,8,32,3,200,300,0.195,1.0,0.805,0.195
5,128,8,32,5,200,300,0.195,1.0,0.805,0.195
5,128,8,32,10,200,300,0.195,1.0,0.805,0.195
6,128,8,32,1,200,300,0.15,1.0,0.85,0.15
6,128,8,32,3,200,300,0.15,1.0,0.85,0.15
6,128,8,32,5,200,300,0.15,1.0,0.85,0.15
6,128,8,32,10,200,300,0.15,1.0,0.85,0.15
7,128,8,32,1,200,300,0.135,1.0,0.865,0.135
7,128,8,32,3,200,300,0.135,1.0,0.865,0.135
7,128,8,32,5,200,300,0.135,1.0,0.865,0.135
7,128,8,32,10,200,300,0.135,1.0,0.865,0.135
0,128,16,8,1,200,300,0.0,1.0,0.995,0.005
0,128,16,8,3,200,300,0.0,1.0,1.0,0.0
0,128,16,8,5,200,300,0.0,1.0,1.0,0.0
0,128,16,8,10,200,300,0.0,1.0,1.0,0.0
1,128,16,8,1,200,300,0.0,1.0,0.995,0.005
1,128,16,8,3,200,300,0.0,1.0,1.0,0.0
1,128,16,8,5,200,300,0.0,1.0,1.0,0.0
1,128,16,8,10,200,300,0.0,1.0,1.0,0.0
2,128,16,8,1,200,300,0.0,1.0,0.99,0.01
2,128,16,8,3,200,300,0.0,1.0,1.0,0.0
2,128,16,8,5,200,300,0.0,1.0,1.0,0.0
2,128,16,8,10,200,300,0.0,1.0,1.0,0.0
3,128,16,8,1,200,300,0.0,0.995,0.99,0.005
3,128,16,8,3,200,300,0.0,1.0,1.0,0.0
3,128,16,8,5,200,300,0.0,1.0,1.0,0.0
3,128,16,8,10,200,300,0.0,1.0,1.0,0.0
4,128,16,8,1,200,300,0.0,1.0,1.0,0.0
4,128,16,8,3,200,300,0.0,1.0,1.0,0.0
4,128,16,8,5,200,300,0.0,1.0,1.0,0.0
4,128,16,8,10,200,300,0.0,1.0,1.0,0.0
5,128,16,8,1,200,300,0.0,0.995,0.985,0.01
5,128,16,8,3,200,300,0.0,1.0,1.0,0.0
5,128,16,8,5,200,300,0.0,1.0,1.0,0.0
5,128,16,8,10,200,300,0.0,1.0,1.0,0.0
6,128,16,8,1,200,300,0.0,1.0,0.985,0.015
6,128,16,8,3,200,300,0.0,1.0,1.0,0.0
6,128,16,8,5,200,300,0.0,1.0,1.0,0.0
6,128,16,8,10,200,300,0.0,1.0,1.0,0.0
7,128,16,8,1,200,300,0.0,0.995,0.99,0.005
7,128,16,8,3,200,300,0.0,1.0,1.0,0.0
7,128,16,8,5,200,300,0.0,1.0,1.0,0.0
7,128,16,8,10,200,300,0.0,1.0,1.0,0.0
0,128,16,16,1,200,300,0.0,1.0,0.995,0.005
0,128,16,16,3,200,300,0.0,1.0,1.0,0.0
0,128,16,16,5,200,300,0.0,1.0,1.0,0.0
0,128,16,16,10,200,300,0.0,1.0,1.0,0.0
1,128,16,16,1,200,300,0.0,1.0,0.995,0.005
1,128,16,16,3,200,300,0.0,1.0,1.0,0.0
1,128,16,16,5,200,300,0.0,1.0,1.0,0.0
1,128,16,16,10,200,300,0.0,1.0,1.0,0.0
2,128,16,16,1,200,300,0.0,1.0,0.99,0.01
2,128,16,16,3,200,300,0.0,1.0,1.0,0.0
2,128,16,16,5,200,300,0.0,1.0,1.0,0.0
2,128,16,16,10,200,300,0.0,1.0,1.0,0.0
3,128,16,16,1,200,300,0.0,1.0,1.0,0.0
3,128,16,16,3,200,300,0.0,1.0,1.0,0.0
3,128,16,16,5,200,300,0.0,1.0,1.0,0.0
3,128,16,16,10,200,300,0.0,1.0,1.0,0.0
4,128,16,16,1,200,300,0.0,1.0,1.0,0.0
4,128,16,16,3,200,300,0.0,1.0,1.0,0.0
4,128,16,16,5,200,300,0.0,1.0,1.0,0.0
4,128,16,16,10,200,300,0.0,1.0,1.0,0.0
5,128,16,16,1,200,300,0.0,1.0,1.0,0.0
5,128,16,16,3,200,300,0.0,1.0,1.0,0.0
5,128,16,16,5,200,300,0.0,1.0,1.0,0.0
5,128,16,16,10,200,300,0.0,1.0,1.0,0.0
6,128,16,16,1,200,300,0.0,1.0,1.0,0.0
6,128,16,16,3,200,300,0.0,1.0,1.0,0.0
6,128,16,16,5,200,300,0.0,1.0,1.0,0.0
6,128,16,16,10,200,300,0.0,1.0,1.0,0.0
7,128,16,16,1,200,300,0.0,1.0,0.995,0.005
7,128,16,16,3,200,300,0.0,1.0,1.0,0.0
7,128,16,16,5,200,300,0.0,1.0,1.0,0.0
7,128,16,16,10,200,300,0.0,1.0,1.0,0.0
0,128,16,32,1,200,300,0.115,1.0,0.885,0.115
0,128,16,32,3,200,300,0.115,1.0,0.885,0.115
0,128,16,32,5,200,300,0.115,1.0,0.885,0.115
0,128,16,32,10,200,300,0.115,1.0,0.885,0.115
1,128,16,32,1,200,300,0.08,1.0,0.92,0.08
1,128,16,32,3,200,300,0.08,1.0,0.92,0.08
1,128,16,32,5,200,300,0.08,1.0,0.92,0.08
1,128,16,32,10,200,300,0.08,1.0,0.92,0.08
2,128,16,32,1,200,300,0.12,1.0,0.88,0.12
2,128,16,32,3,200,300,0.12,1.0,0.88,0.12
2,128,16,32,5,200,300,0.12,1.0,0.88,0.12
2,128,16,32,10,200,300,0.12,1.0,0.88,0.12
3,128,16,32,1,200,300,0.105,1.0,0.895,0.105
3,128,16,32,3,200,300,0.105,1.0,0.895,0.105
3,128,16,32,5,200,300,0.105,1.0,0.895,0.105
3,128,16,32,10,200,300,0.105,1.0,0.895,0.105
4,128,16,32,1,200,300,0.15,1.0,0.85,0.15
4,128,16,32,3,200,300,0.15,1.0,0.85,0.15
4,128,16,32,5,200,300,0.15,1.0,0.85,0.15
4,128,16,32,10,200,300,0.15,1.0,0.85,0.15
5,128,16,32,1,200,300,0.105,1.0,0.895,0.105
5,128,16,32,3,200,300,0.105,1.0,0.895,0.105
5,128,16,32,5,200,300,0.105,1.0,0.895,0.105
5,128,16,32,10,200,300,0.105,1.0,0.895,0.105
6,128,16,32,1,200,300,0.125,1.0,0.875,0.125
6,128,16,32,3,200,300,0.125,1.0,0.875,0.125
6,128,16,32,5,200,300,0.125,1.0,0.875,0.125
6,128,16,32,10,200,300,0.125,1.0,0.875,0.125
7,128,16,32,1,200,300,0.12,1.0,0.88,0.12
7,128,16,32,3,200,300,0.12,1.0,0.88,0.12
7,128,16,32,5,200,300,0.12,1.0,0.88,0.12
7,128,16,32,10,200,300,0.12,1.0,0.88,0.12
0,128,32,8,1,200,300,0.0,1.0,0.995,0.005
0,128,32,8,3,200,300,0.0,1.0,1.0,0.0
0,128,32,8,5,200,300,0.0,1.0,1.0,0.0
0,128,32,8,10,200,300,0.0,1.0,1.0,0.0
1,128,32,8,1,200,300,0.0,1.0,1.0,0.0
1,128,32,8,3,200,300,0.0,1.0,1.0,0.0
1,128,32,8,5,200,300,0.0,1.0,1.0,0.0
1,128,32,8,10,200,300,0.0,1.0,1.0,0.0
2,128,32,8,1,200,300,0.0,1.0,0.995,0.005
2,128,32,8,3,200,300,0.0,1.0,1.0,0.0
2,128,32,8,5,200,300,0.0,1.0,1.0,0.0
2,128,32,8,10,200,300,0.0,1.0,1.0,0.0
3,128,32,8,1,200,300,0.0,1.0,0.995,0.005
3,128,32,8,3,200,300,0.0,1.0,1.0,0.0
3,128,32,8,5,200,300,0.0,1.0,1.0,0.0
3,128,32,8,10,200,300,0.0,1.0,1.0,0.0
4,128,32,8,1,200,300,0.0,1.0,1.0,0.0
4,128,32,8,3,200,300,0.0,1.0,1.0,0.0
4,128,32,8,5,200,300,0.0,1.0,1.0,0.0
4,128,32,8,10,200,300,0.0,1.0,1.0,0.0
5,128,32,8,1,200,300,0.0,1.0,1.0,0.0
5,128,32,8,3,200,300,0.0,1.0,1.0,0.0
5,128,32,8,5,200,300,0.0,1.0,1.0,0.0
5,128,32,8,10,200,300,0.0,1.0,1.0,0.0
6,128,32,8,1,200,300,0.0,1.0,1.0,0.0
6,128,32,8,3,200,300,0.0,1.0,1.0,0.0
6,128,32,8,5,200,300,0.0,1.0,1.0,0.0
6,128,32,8,10,200,300,0.0,1.0,1.0,0.0
7,128,32,8,1,200,300,0.0,1.0,0.99,0.01
7,128,32,8,3,200,300,0.0,1.0,1.0,0.0
7,128,32,8,5,200,300,0.0,1.0,1.0,0.0
7,128,32,8,10,200,300,0.0,1.0,1.0,0.0
0,128,32,16,1,200,300,0.0,1.0,0.99,0.01
0,128,32,16,3,200,300,0.0,1.0,1.0,0.0
0,128,32,16,5,200,300,0.0,1.0,1.0,0.0
0,128,32,16,10,200,300,0.0,1.0,1.0,0.0
1,128,32,16,1,200,300,0.0,1.0,0.995,0.005
1,128,32,16,3,200,300,0.0,1.0,1.0,0.0
1,128,32,16,5,200,300,0.0,1.0,1.0,0.0
1,128,32,16,10,200,300,0.0,1.0,1.0,0.0
2,128,32,16,1,200,300,0.0,1.0,0.99,0.01
2,128,32,16,3,200,300,0.0,1.0,1.0,0.0
2,128,32,16,5,200,300,0.0,1.0,1.0,0.0
2,128,32,16,10,200,300,0.0,1.0,1.0,0.0
3,128,32,16,1,200,300,0.0,1.0,1.0,0.0
3,128,32,16,3,200,300,0.0,1.0,1.0,0.0
3,128,32,16,5,200,300,0.0,1.0,1.0,0.0
3,128,32,16,10,200,300,0.0,1.0,1.0,0.0
4,128,32,16,1,200,300,0.0,1.0,0.995,0.005
4,128,32,16,3,200,300,0.0,1.0,1.0,0.0
4,128,32,16,5,200,300,0.0,1.0,1.0,0.0
4,128,32,16,10,200,300,0.0,1.0,1.0,0.0
5,128,32,16,1,200,300,0.0,1.0,0.99,0.01
5,128,32,16,3,200,300,0.0,1.0,1.0,0.0
5,128,32,16,5,200,300,0.0,1.0,1.0,0.0
5,128,32,16,10,200,300,0.0,1.0,1.0,0.0
6,128,32,16,1,200,300,0.0,1.0,0.995,0.005
6,128,32,16,3,200,300,0.0,1.0,1.0,0.0
6,128,32,16,5,200,300,0.0,1.0,1.0,0.0
6,128,32,16,10,200,300,0.0,1.0,1.0,0.0
7,128,32,16,1,200,300,0.0,1.0,0.995,0.005
7,128,32,16,3,200,300,0.0,1.0,1.0,0.0
7,128,32,16,5,200,300,0.0,1.0,1.0,0.0
7,128,32,16,10,200,300,0.0,1.0,1.0,0.0
0,128,32,32,1,200,300,0.0,1.0,1.0,0.0
0,128,32,32,3,200,300,0.0,1.0,1.0,0.0
0,128,32,32,5,200,300,0.0,1.0,1.0,0.0
0,128,32,32,10,200,300,0.0,1.0,1.0,0.0
1,128,32,32,1,200,300,0.0,1.0,0.99,0.01
1,128,32,32,3,200,300,0.0,1.0,1.0,0.0
1,128,32,32,5,200,300,0.0,1.0,1.0,0.0
1,128,32,32,10,200,300,0.0,1.0,1.0,0.0
2,128,32,32,1,200,300,0.0,1.0,0.98,0.02
2,128,32,32,3,200,300,0.0,1.0,1.0,0.0
2,128,32,32,5,200,300,0.0,1.0,1.0,0.0
2,128,32,32,10,200,300,0.0,1.0,1.0,0.0
3,128,32,32,1,200,300,0.0,1.0,0.99,0.01
3,128,32,32,3,200,300,0.0,1.0,1.0,0.0
3,128,32,32,5,200,300,0.0,1.0,1.0,0.0
3,128,32,32,10,200,300,0.0,1.0,1.0,0.0
4,128,32,32,1,200,300,0.0,1.0,0.98,0.02
4,128,32,32,3,200,300,0.0,1.0,1.0,0.0
4,128,32,32,5,200,300,0.0,1.0,1.0,0.0
4,128,32,32,10,200,300,0.0,1.0,1.0,0.0
5,128,32,32,1,200,300,0.0,1.0,0.995,0.005
5,128,32,32,3,200,300,0.0,1.0,1.0,0.0
5,128,32,32,5,200,300,0.0,1.0,1.0,0.0
5,128,32,32,10,200,300,0.0,1.0,1.0,0.0
6,128,32,32,1,200,300,0.0,1.0,0.995,0.005
6,128,32,32,3,200,300,0.0,1.0,1.0,0.0
6,128,32,32,5,200,300,0.0,1.0,1.0,0.0
6,128,32,32,10,200,300,0.0,1.0,1.0,0.0
7,128,32,32,1,200,300,0.0,1.0,0.985,0.015
7,128,32,32,3,200,300,0.0,1.0,1.0,0.0
7,128,32,32,5,200,300,0.0,1.0,1.0,0.0
7,128,32,32,10,200,300,0.0,1.0,1.0,0.0
0,128,64,8,1,200,300,0.0,1.0,0.99,0.01
0,128,64,8,3,200,300,0.0,1.0,1.0,0.0
0,128,64,8,5,200,300,0.0,1.0,1.0,0.0
0,128,64,8,10,200,300,0.0,1.0,1.0,0.0
1,128,64,8,1,200,300,0.0,1.0,0.985,0.015
1,128,64,8,3,200,300,0.0,1.0,1.0,0.0
1,128,64,8,5,200,300,0.0,1.0,1.0,0.0
1,128,64,8,10,200,300,0.0,1.0,1.0,0.0
2,128,64,8,1,200,300,0.0,1.0,0.995,0.005
2,128,64,8,3,200,300,0.0,1.0,1.0,0.0
2,128,64,8,5,200,300,0.0,1.0,1.0,0.0
2,128,64,8,10,200,300,0.0,1.0,1.0,0.0
3,128,64,8,1,200,300,0.0,1.0,0.995,0.005
3,128,64,8,3,200,300,0.0,1.0,1.0,0.0
3,128,64,8,5,200,300,0.0,1.0,1.0,0.0
3,128,64,8,10,200,300,0.0,1.0,1.0,0.0
4,128,64,8,1,200,300,0.0,1.0,1.0,0.0
4,128,64,8,3,200,300,0.0,1.0,1.0,0.0
4,128,64,8,5,200,300,0.0,1.0,1.0,0.0
4,128,64,8,10,200,300,0.0,1.0,1.0,0.0
5,128,64,8,1,200,300,0.0,1.0,0.99,0.01
5,128,64,8,3,200,300,0.0,1.0,1.0,0.0
5,128,64,8,5,200,300,0.0,1.0,1.0,0.0
5,128,64,8,10,200,300,0.0,1.0,1.0,0.0
6,128,64,8,1,200,300,0.0,1.0,0.99,0.01
6,128,64,8,3,200,300,0.0,1.0,1.0,0.0
6,128,64,8,5,200,300,0.0,1.0,1.0,0.0
6,128,64,8,10,200,300,0.0,1.0,1.0,0.0
7,128,64,8,1,200,300,0.0,1.0,0.99,0.01
7,128,64,8,3,200,300,0.0,1.0,1.0,0.0
7,128,64,8,5,200,300,0.0,1.0,1.0,0.0
7,128,64,8,10,200,300,0.0,1.0,1.0,0.0
0,128,64,16,1,200,300,0.0,1.0,0.995,0.005
0,128,64,16,3,200,300,0.0,1.0,1.0,0.0
0,128,64,16,5,200,300,0.0,1.0,1.0,0.0
0,128,64,16,10,200,300,0.0,1.0,1.0,0.0
1,128,64,16,1,200,300,0.0,1.0,0.99,0.01
1,128,64,16,3,200,300,0.0,1.0,1.0,0.0
1,128,64,16,5,200,300,0.0,1.0,1.0,0.0
1,128,64,16,10,200,300,0.0,1.0,1.0,0.0
2,128,64,16,1,200,300,0.0,1.0,0.99,0.01
2,128,64,16,3,200,300,0.0,1.0,1.0,0.0
2,128,64,16,5,200,300,0.0,1.0,1.0,0.0
2,128,64,16,10,200,300,0.0,1.0,1.0,0.0
3,128,64,16,1,200,300,0.0,1.0,0.98,0.02
3,128,64,16,3,200,300,0.0,1.0,1.0,0.0
3,128,64,16,5,200,300,0.0,1.0,1.0,0.0
3,128,64,16,10,200,300,0.0,1.0,1.0,0.0
4,128,64,16,1,200,300,0.0,1.0,0.995,0.005
4,128,64,16,3,200,300,0.0,1.0,1.0,0.0
4,128,64,16,5,200,300,0.0,1.0,1.0,0.0
4,128,64,16,10,200,300,0.0,1.0,1.0,0.0
5,128,64,16,1,200,300,0.0,1.0,0.98,0.02
5,128,64,16,3,200,300,0.0,1.0,1.0,0.0
5,128,64,16,5,200,300,0.0,1.0,1.0,0.0
5,128,64,16,10,200,300,0.0,1.0,1.0,0.0
6,128,64,16,1,200,300,0.0,1.0,0.98,0.02
6,128,64,16,3,200,300,0.0,1.0,1.0,0.0
6,128,64,16,5,200,300,0.0,1.0,1.0,0.0
6,128,64,16,10,200,300,0.0,1.0,1.0,0.0
7,128,64,16,1,200,300,0.0,1.0,0.995,0.005
7,128,64,16,3,200,300,0.0,1.0,1.0,0.0
7,128,64,16,5,200,300,0.0,1.0,1.0,0.0
7,128,64,16,10,200,300,0.0,1.0,1.0,0.0
0,128,64,32,1,200,300,0.0,1.0,0.995,0.005
0,128,64,32,3,200,300,0.0,1.0,1.0,0.0
0,128,64,32,5,200,300,0.0,1.0,1.0,0.0
0,128,64,32,10,200,300,0.0,1.0,1.0,0.0
1,128,64,32,1,200,300,0.0,1.0,0.98,0.02
1,128,64,32,3,200,300,0.0,1.0,1.0,0.0
1,128,64,32,5,200,300,0.0,1.0,1.0,0.0
1,128,64,32,10,200,300,0.0,1.0,1.0,0.0
2,128,64,32,1,200,300,0.0,1.0,0.995,0.005
2,128,64,32,3,200,300,0.0,1.0,1.0,0.0
2,128,64,32,5,200,300,0.0,1.0,1.0,0.0
2,128,64,32,10,200,300,0.0,1.0,1.0,0.0
3,128,64,32,1,200,300,0.0,1.0,0.995,0.005
3,128,64,32,3,200,300,0.0,1.0,1.0,0.0
3,128,64,32,5,200,300,0.0,1.0,1.0,0.0
3,128,64,32,10,200,300,0.0,1.0,1.0,0.0
4,128,64,32,1,200,300,0.0,1.0,0.98,0.02
4,128,64,32,3,200,300,0.0,1.0,1.0,0.0
4,128,64,32,5,200,300,0.0,1.0,1.0,0.0
4,128,64,32,10,200,300,0.0,1.0,1.0,0.0
5,128,64,32,1,200,300,0.0,1.0,1.0,0.0
5,128,64,32,3,200,300,0.0,1.0,1.0,0.0
5,128,64,32,5,200,300,0.0,1.0,1.0,0.0
5,128,64,32,10,200,300,0.0,1.0,1.0,0.0
6,128,64,32,1,200,300,0.0,1.0,0.99,0.01
6,128,64,32,3,200,300,0.0,1.0,1.0,0.0
6,128,64,32,5,200,300,0.0,1.0,1.0,0.0
6,128,64,32,10,200,300,0.0,1.0,1.0,0.0
7,128,64,32,1,200,300,0.0,1.0,0.98,0.02
7,128,64,32,3,200,300,0.0,1.0,1.0,0.0
7,128,64,32,5,200,300,0.0,1.0,1.0,0.0
7,128,64,32,10,200,300,0.0,1.0,1.0,0.0
