seed,restore_rate,paraphrase_rate,horizon,cap,thr,amplification_rate,growth_nodedup_uncapped,recall_nodedup_uncapped,size_sizecap,recall_sizecap,size_dedup,recall_dedup,size_oracle,recall_oracle,dedup_minus_sizecap_recall,oracle_minus_dedup_recall,gate_prec,gate_rec,skipped_false,skipped_true
0,0.2,0.0,long,120,0.3,0.75,1000,1.0,120,0.355,106,0.635,120,0.46,0.28,-0.175,0.3691,1.0,564,330
0,0.2,0.0,long,120,0.5,0.75,1000,1.0,120,0.355,120,0.55,120,0.46,0.195,-0.09,0.7617,1.0,112,358
0,0.2,0.0,long,120,0.7,0.75,1000,1.0,120,0.355,120,0.48,120,0.46,0.125,-0.02,0.9946,1.0,2,370
0,0.2,0.0,long,200,0.3,0.75,1000,1.0,200,0.585,106,0.635,200,0.91,0.05,0.275,0.3691,1.0,564,330
0,0.2,0.0,long,200,0.5,0.75,1000,1.0,200,0.585,200,0.775,200,0.91,0.19,0.135,0.8322,1.0,120,595
0,0.2,0.0,long,200,0.7,0.75,1000,1.0,200,0.585,200,0.91,200,0.91,0.325,0.0,0.995,1.0,3,603
0,0.2,0.0,short,120,0.3,0.75,1000,1.0,120,0.405,106,0.275,120,0.5,-0.13,0.225,0.3691,1.0,564,330
0,0.2,0.0,short,120,0.5,0.75,1000,1.0,120,0.405,120,0.48,120,0.5,0.075,0.02,0.7617,1.0,112,358
0,0.2,0.0,short,120,0.7,0.75,1000,1.0,120,0.405,120,0.495,120,0.5,0.09,0.005,0.9946,1.0,2,370
0,0.2,0.0,short,200,0.3,0.75,1000,1.0,200,0.555,106,0.275,200,0.68,-0.28,0.405,0.3691,1.0,564,330
0,0.2,0.0,short,200,0.5,0.75,1000,1.0,200,0.555,200,0.885,200,0.68,0.33,-0.205,0.8322,1.0,120,595
0,0.2,0.0,short,200,0.7,0.75,1000,1.0,200,0.555,200,0.685,200,0.68,0.13,-0.005,0.995,1.0,3,603
0,0.2,0.3,long,120,0.3,0.75,1000,1.0,120,0.35,120,0.5,120,0.445,0.15,-0.055,0.3895,0.9737,522,333
0,0.2,0.3,long,120,0.5,0.75,1000,1.0,120,0.35,120,0.36,120,0.445,0.01,0.085,0.7457,0.8703,103,302
0,0.2,0.3,long,120,0.7,0.75,1000,1.0,120,0.35,120,0.41,120,0.445,0.06,0.035,0.9898,0.8484,3,291
0,0.2,0.3,long,200,0.3,0.75,1000,1.0,200,0.51,128,0.625,200,0.93,0.115,0.305,0.3945,0.9801,528,344
0,0.2,0.3,long,200,0.5,0.75,1000,1.0,200,0.51,200,0.87,200,0.93,0.36,0.06,0.8079,0.9145,117,492
0,0.2,0.3,long,200,0.7,0.75,1000,1.0,200,0.51,200,0.715,200,0.93,0.205,0.215,0.9918,0.8798,4,483
0,0.2,0.3,short,120,0.3,0.75,1000,1.0,120,0.375,120,0.37,120,0.435,-0.005,0.065,0.3895,0.9737,522,333
0,0.2,0.3,short,120,0.5,0.75,1000,1.0,120,0.375,120,0.465,120,0.435,0.09,-0.03,0.7457,0.8703,103,302
0,0.2,0.3,short,120,0.7,0.75,1000,1.0,120,0.375,120,0.48,120,0.435,0.105,-0.045,0.9898,0.8484,3,291
0,0.2,0.3,short,200,0.3,0.75,1000,1.0,200,0.585,128,0.325,200,0.63,-0.26,0.305,0.3945,0.9801,528,344
0,0.2,0.3,short,200,0.5,0.75,1000,1.0,200,0.585,200,0.565,200,0.63,-0.02,0.065,0.8079,0.9145,117,492
0,0.2,0.3,short,200,0.7,0.75,1000,1.0,200,0.585,200,0.69,200,0.63,0.105,-0.06,0.9918,0.8798,4,483
0,0.2,0.6,long,120,0.3,0.75,1000,1.0,120,0.4,120,0.475,120,0.495,0.075,0.02,0.3724,0.9286,504,299
0,0.2,0.6,long,120,0.5,0.75,1000,1.0,120,0.4,120,0.45,120,0.495,0.05,0.045,0.7527,0.7784,90,274
0,0.2,0.6,long,120,0.7,0.75,1000,1.0,120,0.4,120,0.445,120,0.495,0.045,0.05,0.9961,0.7167,1,253
0,0.2,0.6,long,200,0.3,0.75,1000,1.0,200,0.57,145,0.685,200,0.92,0.115,0.235,0.3942,0.9466,518,337
0,0.2,0.6,long,200,0.5,0.75,1000,1.0,200,0.57,200,0.755,200,0.92,0.185,0.165,0.7829,0.7934,114,411
0,0.2,0.6,long,200,0.7,0.75,1000,1.0,200,0.57,200,0.635,200,0.92,0.065,0.285,0.9949,0.7544,2,387
0,0.2,0.6,short,120,0.3,0.75,1000,1.0,120,0.355,120,0.43,120,0.52,0.075,0.09,0.3724,0.9286,504,299
0,0.2,0.6,short,120,0.5,0.75,1000,1.0,120,0.355,120,0.42,120,0.52,0.065,0.1,0.7527,0.7784,90,274
0,0.2,0.6,short,120,0.7,0.75,1000,1.0,120,0.355,120,0.465,120,0.52,0.11,0.055,0.9961,0.7167,1,253
0,0.2,0.6,short,200,0.3,0.75,1000,1.0,200,0.555,145,0.33,200,0.77,-0.225,0.44,0.3942,0.9466,518,337
0,0.2,0.6,short,200,0.5,0.75,1000,1.0,200,0.555,200,0.59,200,0.77,0.035,0.18,0.7829,0.7934,114,411
0,0.2,0.6,short,200,0.7,0.75,1000,1.0,200,0.555,200,0.83,200,0.77,0.275,-0.06,0.9949,0.7544,2,387
0,0.4,0.0,long,120,0.3,0.75,1000,1.0,120,0.35,116,0.655,120,0.42,0.305,-0.235,0.4242,1.0,509,375
0,0.4,0.0,long,120,0.5,0.75,1000,1.0,120,0.35,120,0.395,120,0.42,0.045,0.025,0.8353,1.0,82,416
0,0.4,0.0,long,120,0.7,0.75,1000,1.0,120,0.35,120,0.41,120,0.42,0.06,0.01,0.9952,0.9976,2,412
0,0.4,0.0,long,200,0.3,0.75,1000,1.0,200,0.5,116,0.655,200,0.9,0.155,0.245,0.4242,1.0,509,375
0,0.4,0.0,long,200,0.5,0.75,1000,1.0,200,0.5,200,0.675,200,0.9,0.175,0.225,0.8709,1.0,90,607
0,0.4,0.0,long,200,0.7,0.75,1000,1.0,200,0.5,200,0.9,200,0.9,0.4,0.0,0.9937,0.9984,4,626
0,0.4,0.0,short,120,0.3,0.75,1000,1.0,120,0.435,116,0.32,120,0.535,-0.115,0.215,0.4242,1.0,509,375
0,0.4,0.0,short,120,0.5,0.75,1000,1.0,120,0.435,120,0.55,120,0.535,0.115,-0.015,0.8353,1.0,82,416
0,0.4,0.0,short,120,0.7,0.75,1000,1.0,120,0.435,120,0.54,120,0.535,0.105,-0.005,0.9952,0.9976,2,412
0,0.4,0.0,short,200,0.3,0.75,1000,1.0,200,0.64,116,0.32,200,0.82,-0.32,0.5,0.4242,1.0,509,375
0,0.4,0.0,short,200,0.5,0.75,1000,1.0,200,0.64,200,0.895,200,0.82,0.255,-0.075,0.8709,1.0,90,607
0,0.4,0.0,short,200,0.7,0.75,1000,1.0,200,0.64,200,0.82,200,0.82,0.18,0.0,0.9937,0.9984,4,626
0,0.4,0.3,long,120,0.3,0.75,1000,1.0,120,0.345,120,0.415,120,0.405,0.07,-0.01,0.4288,0.9309,449,337
0,0.4,0.3,long,120,0.5,0.75,1000,1.0,120,0.345,120,0.39,120,0.405,0.045,0.015,0.8177,0.7881,68,305
0,0.4,0.3,long,120,0.7,0.75,1000,1.0,120,0.345,120,0.34,120,0.405,-0.005,0.065,0.9925,0.707,2,263
0,0.4,0.3,long,200,0.3,0.75,1000,1.0,200,0.465,156,0.81,200,0.915,0.345,0.105,0.4573,0.9554,458,386
0,0.4,0.3,long,200,0.5,0.75,1000,1.0,200,0.465,200,0.755,200,0.915,0.29,0.16,0.8516,0.8095,77,442
0,0.4,0.3,long,200,0.7,0.75,1000,1.0,200,0.465,200,0.615,200,0.915,0.15,0.3,0.9899,0.7238,4,393
0,0.4,0.3,short,120,0.3,0.75,1000,1.0,120,0.52,120,0.51,120,0.595,-0.01,0.085,0.4288,0.9309,449,337
0,0.4,0.3,short,120,0.5,0.75,1000,1.0,120,0.52,120,0.51,120,0.595,-0.01,0.085,0.8177,0.7881,68,305
0,0.4,0.3,short,120,0.7,0.75,1000,1.0,120,0.52,120,0.52,120,0.595,0.0,0.075,0.9925,0.707,2,263
0,0.4,0.3,short,200,0.3,0.75,1000,1.0,200,0.685,156,0.37,200,0.72,-0.315,0.35,0.4573,0.9554,458,386
0,0.4,0.3,short,200,0.5,0.75,1000,1.0,200,0.685,200,0.61,200,0.72,-0.075,0.11,0.8516,0.8095,77,442
0,0.4,0.3,short,200,0.7,0.75,1000,1.0,200,0.685,200,0.78,200,0.72,0.095,-0.06,0.9899,0.7238,4,393
0,0.4,0.6,long,120,0.3,0.75,1000,1.0,120,0.335,120,0.47,120,0.495,0.135,0.025,0.4237,0.8366,404,297
0,0.4,0.6,long,120,0.5,0.75,1000,1.0,120,0.335,120,0.415,120,0.495,0.08,0.08,0.7556,0.5667,66,204
0,0.4,0.6,long,120,0.7,0.75,1000,1.0,120,0.335,120,0.36,120,0.495,0.025,0.135,0.9889,0.4877,2,178
0,0.4,0.6,long,200,0.3,0.75,1000,1.0,200,0.485,192,0.8,200,0.9,0.315,0.1,0.4431,0.8905,450,358
0,0.4,0.6,long,200,0.5,0.75,1000,1.0,200,0.485,200,0.63,200,0.9,0.145,0.27,0.8281,0.649,71,342
0,0.4,0.6,long,200,0.7,0.75,1000,1.0,200,0.485,200,0.615,200,0.9,0.13,0.285,0.9895,0.5318,3,284
0,0.4,0.6,short,120,0.3,0.75,1000,1.0,120,0.4,120,0.43,120,0.465,0.03,0.035,0.4237,0.8366,404,297
0,0.4,0.6,short,120,0.5,0.75,1000,1.0,120,0.4,120,0.435,120,0.465,0.035,0.03,0.7556,0.5667,66,204
0,0.4,0.6,short,120,0.7,0.75,1000,1.0,120,0.4,120,0.42,120,0.465,0.02,0.045,0.9889,0.4877,2,178
0,0.4,0.6,short,200,0.3,0.75,1000,1.0,200,0.515,192,0.495,200,0.745,-0.02,0.25,0.4431,0.8905,450,358
0,0.4,0.6,short,200,0.5,0.75,1000,1.0,200,0.515,200,0.63,200,0.745,0.115,0.115,0.8281,0.649,71,342
0,0.4,0.6,short,200,0.7,0.75,1000,1.0,200,0.515,200,0.555,200,0.745,0.04,0.19,0.9895,0.5318,3,284
0,0.6,0.0,long,120,0.3,0.75,1000,1.0,120,0.42,120,0.685,120,0.53,0.265,-0.155,0.4511,1.0,483,397
0,0.6,0.0,long,120,0.5,0.75,1000,1.0,120,0.42,120,0.5,120,0.53,0.08,0.03,0.8846,1.0,60,460
0,0.6,0.0,long,120,0.7,0.75,1000,1.0,120,0.42,120,0.535,120,0.53,0.115,-0.005,0.9978,0.9892,1,456
0,0.6,0.0,long,200,0.3,0.75,1000,1.0,200,0.585,120,0.685,200,0.785,0.1,0.1,0.4511,1.0,483,397
0,0.6,0.0,long,200,0.5,0.75,1000,1.0,200,0.585,200,0.66,200,0.785,0.075,0.125,0.9068,1.0,68,662
0,0.6,0.0,long,200,0.7,0.75,1000,1.0,200,0.585,200,0.785,200,0.785,0.2,0.0,0.9985,0.9954,1,655
0,0.6,0.0,short,120,0.3,0.75,1000,1.0,120,0.37,120,0.31,120,0.47,-0.06,0.16,0.4511,1.0,483,397
0,0.6,0.0,short,120,0.5,0.75,1000,1.0,120,0.37,120,0.5,120,0.47,0.13,-0.03,0.8846,1.0,60,460
0,0.6,0.0,short,120,0.7,0.75,1000,1.0,120,0.37,120,0.48,120,0.47,0.11,-0.01,0.9978,0.9892,1,456
0,0.6,0.0,short,200,0.3,0.75,1000,1.0,200,0.565,120,0.31,200,1.0,-0.255,0.69,0.4511,1.0,483,397
0,0.6,0.0,short,200,0.5,0.75,1000,1.0,200,0.565,200,0.87,200,1.0,0.305,0.13,0.9068,1.0,68,662
0,0.6,0.0,short,200,0.7,0.75,1000,1.0,200,0.565,200,1.0,200,1.0,0.435,0.0,0.9985,0.9954,1,655
0,0.6,0.3,long,120,0.3,0.75,1000,1.0,120,0.27,120,0.55,120,0.425,0.28,-0.125,0.466,0.8794,401,350
0,0.6,0.3,long,120,0.5,0.75,1000,1.0,120,0.27,120,0.325,120,0.425,0.055,0.1,0.8413,0.7227,60,318
0,0.6,0.3,long,120,0.7,0.75,1000,1.0,120,0.27,120,0.335,120,0.425,0.065,0.09,1.0,0.6517,0,290
0,0.6,0.3,long,200,0.3,0.75,1000,1.0,200,0.49,168,0.785,200,0.775,0.295,-0.01,0.4796,0.9172,433,399
0,0.6,0.3,long,200,0.5,0.75,1000,1.0,200,0.49,200,0.675,200,0.775,0.185,0.1,0.862,0.7405,69,431
0,0.6,0.3,long,200,0.7,0.75,1000,1.0,200,0.49,200,0.725,200,0.775,0.235,0.05,1.0,0.6869,0,408
0,0.6,0.3,short,120,0.3,0.75,1000,1.0,120,0.405,120,0.385,120,0.465,-0.02,0.08,0.466,0.8794,401,350
0,0.6,0.3,short,120,0.5,0.75,1000,1.0,120,0.405,120,0.42,120,0.465,0.015,0.045,0.8413,0.7227,60,318
0,0.6,0.3,short,120,0.7,0.75,1000,1.0,120,0.405,120,0.415,120,0.465,0.01,0.05,1.0,0.6517,0,290
0,0.6,0.3,short,200,0.3,0.75,1000,1.0,200,0.55,168,0.27,200,1.0,-0.28,0.73,0.4796,0.9172,433,399
0,0.6,0.3,short,200,0.5,0.75,1000,1.0,200,0.55,200,0.595,200,1.0,0.045,0.405,0.862,0.7405,69,431
0,0.6,0.3,short,200,0.7,0.75,1000,1.0,200,0.55,200,0.5,200,1.0,-0.05,0.5,1.0,0.6869,0,408
0,0.6,0.6,long,120,0.3,0.75,1000,1.0,120,0.37,120,0.46,120,0.445,0.09,-0.015,0.4344,0.8141,405,311
0,0.6,0.6,long,120,0.5,0.75,1000,1.0,120,0.37,120,0.365,120,0.445,-0.005,0.08,0.7829,0.4753,56,202
0,0.6,0.6,long,120,0.7,0.75,1000,1.0,120,0.37,120,0.345,120,0.445,-0.025,0.1,0.9939,0.3756,1,163
0,0.6,0.6,long,200,0.3,0.75,1000,1.0,200,0.505,196,0.735,200,0.765,0.23,0.03,0.4689,0.8788,427,377
0,0.6,0.6,long,200,0.5,0.75,1000,1.0,200,0.505,200,0.56,200,0.765,0.055,0.205,0.825,0.5238,63,297
0,0.6,0.6,long,200,0.7,0.75,1000,1.0,200,0.505,200,0.56,200,0.765,0.055,0.205,0.9956,0.4039,1,225
0,0.6,0.6,short,120,0.3,0.75,1000,1.0,120,0.31,120,0.375,120,0.42,0.065,0.045,0.4344,0.8141,405,311
0,0.6,0.6,short,120,0.5,0.75,1000,1.0,120,0.31,120,0.29,120,0.42,-0.02,0.13,0.7829,0.4753,56,202
0,0.6,0.6,short,120,0.7,0.75,1000,1.0,120,0.31,120,0.31,120,0.42,0.0,0.11,0.9939,0.3756,1,163
0,0.6,0.6,short,200,0.3,0.75,1000,1.0,200,0.425,196,0.42,200,1.0,-0.005,0.58,0.4689,0.8788,427,377
0,0.6,0.6,short,200,0.5,0.75,1000,1.0,200,0.425,200,0.51,200,1.0,0.085,0.49,0.825,0.5238,63,297
0,0.6,0.6,short,200,0.7,0.75,1000,1.0,200,0.425,200,0.495,200,1.0,0.07,0.505,0.9956,0.4039,1,225
1,0.2,0.0,long,120,0.3,0.75,1000,1.0,120,0.455,106,0.67,120,0.48,0.215,-0.19,0.3557,1.0,576,318
1,0.2,0.0,long,120,0.5,0.75,1000,1.0,120,0.455,120,0.545,120,0.48,0.09,-0.065,0.823,1.0,86,400
1,0.2,0.0,long,120,0.7,0.75,1000,1.0,120,0.455,120,0.48,120,0.48,0.025,0.0,0.9898,0.9949,4,387
1,0.2,0.0,long,200,0.3,0.75,1000,1.0,200,0.575,106,0.67,200,0.885,0.095,0.215,0.3557,1.0,576,318
1,0.2,0.0,long,200,0.5,0.75,1000,1.0,200,0.575,200,0.75,200,0.885,0.175,0.135,0.854,1.0,105,614
1,0.2,0.0,long,200,0.7,0.75,1000,1.0,200,0.575,200,0.88,200,0.885,0.305,0.005,0.9922,1.0,5,634
1,0.2,0.0,short,120,0.3,0.75,1000,1.0,120,0.365,106,0.255,120,0.53,-0.11,0.275,0.3557,1.0,576,318
1,0.2,0.0,short,120,0.5,0.75,1000,1.0,120,0.365,120,0.505,120,0.53,0.14,0.025,0.823,1.0,86,400
1,0.2,0.0,short,120,0.7,0.75,1000,1.0,120,0.365,120,0.55,120,0.53,0.185,-0.02,0.9898,0.9949,4,387
1,0.2,0.0,short,200,0.3,0.75,1000,1.0,200,0.57,106,0.255,200,0.9,-0.315,0.645,0.3557,1.0,576,318
1,0.2,0.0,short,200,0.5,0.75,1000,1.0,200,0.57,200,0.85,200,0.9,0.28,0.05,0.854,1.0,105,614
1,0.2,0.0,short,200,0.7,0.75,1000,1.0,200,0.57,200,0.89,200,0.9,0.32,0.01,0.9922,1.0,5,634
1,0.2,0.3,long,120,0.3,0.75,1000,1.0,120,0.37,120,0.535,120,0.5,0.165,-0.035,0.3874,0.9708,525,332
1,0.2,0.3,long,120,0.5,0.75,1000,1.0,120,0.37,120,0.51,120,0.5,0.14,-0.01,0.8144,0.8916,75,329
1,0.2,0.3,long,120,0.7,0.75,1000,1.0,120,0.37,120,0.47,120,0.5,0.1,0.03,0.9939,0.8624,2,326
1,0.2,0.3,long,200,0.3,0.75,1000,1.0,200,0.585,129,0.69,200,0.92,0.105,0.23,0.3835,0.9738,537,334
1,0.2,0.3,long,200,0.5,0.75,1000,1.0,200,0.585,200,0.84,200,0.92,0.255,0.08,0.844,0.9113,95,514
1,0.2,0.3,long,200,0.7,0.75,1000,1.0,200,0.585,200,0.67,200,0.92,0.085,0.25,0.994,0.8732,3,496
1,0.2,0.3,short,120,0.3,0.75,1000,1.0,120,0.41,120,0.39,120,0.405,-0.02,0.015,0.3874,0.9708,525,332
1,0.2,0.3,short,120,0.5,0.75,1000,1.0,120,0.41,120,0.39,120,0.405,-0.02,0.015,0.8144,0.8916,75,329
1,0.2,0.3,short,120,0.7,0.75,1000,1.0,120,0.41,120,0.365,120,0.405,-0.045,0.04,0.9939,0.8624,2,326
1,0.2,0.3,short,200,0.3,0.75,1000,1.0,200,0.485,129,0.365,200,0.765,-0.12,0.4,0.3835,0.9738,537,334
1,0.2,0.3,short,200,0.5,0.75,1000,1.0,200,0.485,200,0.62,200,0.765,0.135,0.145,0.844,0.9113,95,514
1,0.2,0.3,short,200,0.7,0.75,1000,1.0,200,0.485,200,0.605,200,0.765,0.12,0.16,0.994,0.8732,3,496
1,0.2,0.6,long,120,0.3,0.75,1000,1.0,120,0.37,120,0.45,120,0.415,0.08,-0.035,0.375,0.9189,510,306
1,0.2,0.6,long,120,0.5,0.75,1000,1.0,120,0.37,120,0.415,120,0.415,0.045,0.0,0.7865,0.8116,76,280
1,0.2,0.6,long,120,0.7,0.75,1000,1.0,120,0.37,120,0.47,120,0.415,0.1,-0.055,0.9961,0.7391,1,255
1,0.2,0.6,long,200,0.3,0.75,1000,1.0,200,0.52,141,0.695,200,0.885,0.175,0.19,0.3749,0.9306,537,322
1,0.2,0.6,long,200,0.5,0.75,1000,1.0,200,0.52,200,0.775,200,0.885,0.255,0.11,0.8518,0.8439,79,454
1,0.2,0.6,long,200,0.7,0.75,1000,1.0,200,0.52,200,0.575,200,0.885,0.055,0.31,0.9927,0.7523,3,407
1,0.2,0.6,short,120,0.3,0.75,1000,1.0,120,0.37,120,0.435,120,0.595,0.065,0.16,0.375,0.9189,510,306
1,0.2,0.6,short,120,0.5,0.75,1000,1.0,120,0.37,120,0.55,120,0.595,0.18,0.045,0.7865,0.8116,76,280
1,0.2,0.6,short,120,0.7,0.75,1000,1.0,120,0.37,120,0.455,120,0.595,0.085,0.14,0.9961,0.7391,1,255
1,0.2,0.6,short,200,0.3,0.75,1000,1.0,200,0.615,141,0.345,200,0.74,-0.27,0.395,0.3749,0.9306,537,322
1,0.2,0.6,short,200,0.5,0.75,1000,1.0,200,0.615,200,0.685,200,0.74,0.07,0.055,0.8518,0.8439,79,454
1,0.2,0.6,short,200,0.7,0.75,1000,1.0,200,0.615,200,0.75,200,0.74,0.135,-0.01,0.9927,0.7523,3,407
1,0.4,0.0,long,120,0.3,0.75,1000,1.0,120,0.39,111,0.655,120,0.595,0.265,-0.06,0.3858,1.0,546,343
1,0.4,0.0,long,120,0.5,0.75,1000,1.0,120,0.39,120,0.605,120,0.595,0.215,-0.01,0.8289,1.0,84,407
1,0.4,0.0,long,120,0.7,0.75,1000,1.0,120,0.39,120,0.59,120,0.595,0.2,0.005,0.9977,0.9907,1,428
1,0.4,0.0,long,200,0.3,0.75,1000,1.0,200,0.635,111,0.655,200,0.905,0.02,0.25,0.3858,1.0,546,343
1,0.4,0.0,long,200,0.5,0.75,1000,1.0,200,0.635,200,0.72,200,0.905,0.085,0.185,0.8725,1.0,89,609
1,0.4,0.0,long,200,0.7,0.75,1000,1.0,200,0.635,200,0.905,200,0.905,0.27,0.0,0.9968,0.9968,2,626
1,0.4,0.0,short,120,0.3,0.75,1000,1.0,120,0.395,111,0.295,120,0.465,-0.1,0.17,0.3858,1.0,546,343
1,0.4,0.0,short,120,0.5,0.75,1000,1.0,120,0.395,120,0.43,120,0.465,0.035,0.035,0.8289,1.0,84,407
1,0.4,0.0,short,120,0.7,0.75,1000,1.0,120,0.395,120,0.475,120,0.465,0.08,-0.01,0.9977,0.9907,1,428
1,0.4,0.0,short,200,0.3,0.75,1000,1.0,200,0.515,111,0.295,200,0.86,-0.22,0.565,0.3858,1.0,546,343
1,0.4,0.0,short,200,0.5,0.75,1000,1.0,200,0.515,200,0.9,200,0.86,0.385,-0.04,0.8725,1.0,89,609
1,0.4,0.0,short,200,0.7,0.75,1000,1.0,200,0.515,200,0.825,200,0.86,0.31,0.035,0.9968,0.9968,2,626
1,0.4,0.3,long,120,0.3,0.75,1000,1.0,120,0.365,120,0.32,120,0.465,-0.045,0.145,0.4257,0.9216,460,341
1,0.4,0.3,long,120,0.5,0.75,1000,1.0,120,0.365,120,0.45,120,0.465,0.085,0.015,0.8291,0.7927,67,325
1,0.4,0.3,long,120,0.7,0.75,1000,1.0,120,0.365,120,0.395,120,0.465,0.03,0.07,0.9968,0.7562,1,307
1,0.4,0.3,long,200,0.3,0.75,1000,1.0,200,0.515,154,0.72,200,0.89,0.205,0.17,0.4433,0.9446,471,375
1,0.4,0.3,long,200,0.5,0.75,1000,1.0,200,0.515,200,0.8,200,0.89,0.285,0.09,0.8881,0.8345,61,484
1,0.4,0.3,long,200,0.7,0.75,1000,1.0,200,0.515,200,0.58,200,0.89,0.065,0.31,0.9953,0.7589,2,428
1,0.4,0.3,short,120,0.3,0.75,1000,1.0,120,0.405,120,0.515,120,0.465,0.11,-0.05,0.4257,0.9216,460,341
1,0.4,0.3,short,120,0.5,0.75,1000,1.0,120,0.405,120,0.475,120,0.465,0.07,-0.01,0.8291,0.7927,67,325
1,0.4,0.3,short,120,0.7,0.75,1000,1.0,120,0.405,120,0.495,120,0.465,0.09,-0.03,0.9968,0.7562,1,307
1,0.4,0.3,short,200,0.3,0.75,1000,1.0,200,0.59,154,0.42,200,0.895,-0.17,0.475,0.4433,0.9446,471,375
1,0.4,0.3,short,200,0.5,0.75,1000,1.0,200,0.59,200,0.58,200,0.895,-0.01,0.315,0.8881,0.8345,61,484
1,0.4,0.3,short,200,0.7,0.75,1000,1.0,200,0.59,200,0.75,200,0.895,0.16,0.145,0.9953,0.7589,2,428
1,0.4,0.6,long,120,0.3,0.75,1000,1.0,120,0.41,120,0.495,120,0.51,0.085,0.015,0.4099,0.8324,429,298
1,0.4,0.6,long,120,0.5,0.75,1000,1.0,120,0.41,120,0.5,120,0.51,0.09,0.01,0.7607,0.627,73,232
1,0.4,0.6,long,120,0.7,0.75,1000,1.0,120,0.41,120,0.5,120,0.51,0.09,0.01,0.9904,0.5419,2,207
1,0.4,0.6,long,200,0.3,0.75,1000,1.0,200,0.68,178,0.695,200,0.875,0.015,0.18,0.4428,0.901,458,364
1,0.4,0.6,long,200,0.5,0.75,1000,1.0,200,0.68,200,0.58,200,0.875,-0.1,0.295,0.8325,0.6679,70,348
1,0.4,0.6,long,200,0.7,0.75,1000,1.0,200,0.68,200,0.73,200,0.875,0.05,0.145,0.9967,0.5706,1,299
1,0.4,0.6,short,120,0.3,0.75,1000,1.0,120,0.37,120,0.395,120,0.49,0.025,0.095,0.4099,0.8324,429,298
1,0.4,0.6,short,120,0.5,0.75,1000,1.0,120,0.37,120,0.465,120,0.49,0.095,0.025,0.7607,0.627,73,232
1,0.4,0.6,short,120,0.7,0.75,1000,1.0,120,0.37,120,0.435,120,0.49,0.065,0.055,0.9904,0.5419,2,207
1,0.4,0.6,short,200,0.3,0.75,1000,1.0,200,0.515,178,0.445,200,0.86,-0.07,0.415,0.4428,0.901,458,364
1,0.4,0.6,short,200,0.5,0.75,1000,1.0,200,0.515,200,0.66,200,0.86,0.145,0.2,0.8325,0.6679,70,348
1,0.4,0.6,short,200,0.7,0.75,1000,1.0,200,0.515,200,0.625,200,0.86,0.11,0.235,0.9967,0.5706,1,299
1,0.6,0.0,long,120,0.3,0.75,1000,1.0,120,0.515,115,0.71,120,0.555,0.195,-0.155,0.4599,1.0,478,407
1,0.6,0.0,long,120,0.5,0.75,1000,1.0,120,0.515,120,0.57,120,0.555,0.055,-0.015,0.9038,1.0,56,526
1,0.6,0.0,long,120,0.7,0.75,1000,1.0,120,0.515,120,0.575,120,0.555,0.06,-0.02,1.0,0.9865,0,512
1,0.6,0.0,long,200,0.3,0.75,1000,1.0,200,0.615,115,0.71,200,0.785,0.095,0.075,0.4599,1.0,478,407
1,0.6,0.0,long,200,0.5,0.75,1000,1.0,200,0.615,200,0.695,200,0.785,0.08,0.09,0.9066,1.0,68,660
1,0.6,0.0,long,200,0.7,0.75,1000,1.0,200,0.615,200,0.775,200,0.785,0.16,0.01,0.997,0.9985,2,672
1,0.6,0.0,short,120,0.3,0.75,1000,1.0,120,0.38,115,0.27,120,0.495,-0.11,0.225,0.4599,1.0,478,407
1,0.6,0.0,short,120,0.5,0.75,1000,1.0,120,0.38,120,0.455,120,0.495,0.075,0.04,0.9038,1.0,56,526
1,0.6,0.0,short,120,0.7,0.75,1000,1.0,120,0.38,120,0.48,120,0.495,0.1,0.015,1.0,0.9865,0,512
1,0.6,0.0,short,200,0.3,0.75,1000,1.0,200,0.51,115,0.27,200,1.0,-0.24,0.73,0.4599,1.0,478,407
1,0.6,0.0,short,200,0.5,0.75,1000,1.0,200,0.51,200,0.9,200,1.0,0.39,0.1,0.9066,1.0,68,660
1,0.6,0.0,short,200,0.7,0.75,1000,1.0,200,0.51,200,1.0,200,1.0,0.49,0.0,0.997,0.9985,2,672
1,0.6,0.3,long,120,0.3,0.75,1000,1.0,120,0.39,120,0.535,120,0.505,0.145,-0.03,0.4657,0.8867,413,360
1,0.6,0.3,long,120,0.5,0.75,1000,1.0,120,0.39,120,0.475,120,0.505,0.085,0.03,0.8372,0.7588,63,324
1,0.6,0.3,long,120,0.7,0.75,1000,1.0,120,0.39,120,0.455,120,0.505,0.065,0.05,0.9965,0.6706,1,287
1,0.6,0.3,long,200,0.3,0.75,1000,1.0,200,0.55,168,0.785,200,0.77,0.235,-0.015,0.4748,0.9165,437,395
1,0.6,0.3,long,200,0.5,0.75,1000,1.0,200,0.55,200,0.725,200,0.77,0.175,0.045,0.8652,0.7625,69,443
1,0.6,0.3,long,200,0.7,0.75,1000,1.0,200,0.55,200,0.705,200,0.77,0.155,0.065,0.9975,0.6847,1,406
1,0.6,0.3,short,120,0.3,0.75,1000,1.0,120,0.4,120,0.385,120,0.495,-0.015,0.11,0.4657,0.8867,413,360
1,0.6,0.3,short,120,0.5,0.75,1000,1.0,120,0.4,120,0.445,120,0.495,0.045,0.05,0.8372,0.7588,63,324
1,0.6,0.3,short,120,0.7,0.75,1000,1.0,120,0.4,120,0.47,120,0.495,0.07,0.025,0.9965,0.6706,1,287
1,0.6,0.3,short,200,0.3,0.75,1000,1.0,200,0.56,168,0.34,200,1.0,-0.22,0.66,0.4748,0.9165,437,395
1,0.6,0.3,short,200,0.5,0.75,1000,1.0,200,0.56,200,0.615,200,1.0,0.055,0.385,0.8652,0.7625,69,443
1,0.6,0.3,short,200,0.7,0.75,1000,1.0,200,0.56,200,0.595,200,1.0,0.035,0.405,0.9975,0.6847,1,406
1,0.6,0.6,long,120,0.3,0.75,1000,1.0,120,0.28,120,0.325,120,0.36,0.045,0.035,0.495,0.8188,355,348
1,0.6,0.6,long,120,0.5,0.75,1000,1.0,120,0.28,120,0.34,120,0.36,0.06,0.02,0.8531,0.4543,36,209
1,0.6,0.6,long,120,0.7,0.75,1000,1.0,120,0.28,120,0.325,120,0.36,0.045,0.035,0.9939,0.3604,1,164
1,0.6,0.6,long,200,0.3,0.75,1000,1.0,200,0.42,200,0.765,200,0.635,0.345,-0.13,0.4862,0.8505,409,387
1,0.6,0.6,long,200,0.5,0.75,1000,1.0,200,0.42,200,0.535,200,0.635,0.115,0.1,0.8485,0.4878,50,280
1,0.6,0.6,long,200,0.7,0.75,1000,1.0,200,0.42,200,0.48,200,0.635,0.06,0.155,0.9912,0.391,2,226
1,0.6,0.6,short,120,0.3,0.75,1000,1.0,120,0.51,120,0.59,120,0.58,0.08,-0.01,0.495,0.8188,355,348
1,0.6,0.6,short,120,0.5,0.75,1000,1.0,120,0.51,120,0.525,120,0.58,0.015,0.055,0.8531,0.4543,36,209
1,0.6,0.6,short,120,0.7,0.75,1000,1.0,120,0.51,120,0.57,120,0.58,0.06,0.01,0.9939,0.3604,1,164
1,0.6,0.6,short,200,0.3,0.75,1000,1.0,200,0.67,200,0.405,200,1.0,-0.265,0.595,0.4862,0.8505,409,387
1,0.6,0.6,short,200,0.5,0.75,1000,1.0,200,0.67,200,0.65,200,1.0,-0.02,0.35,0.8485,0.4878,50,280
1,0.6,0.6,short,200,0.7,0.75,1000,1.0,200,0.67,200,0.635,200,1.0,-0.035,0.365,0.9912,0.391,2,226
2,0.2,0.0,long,120,0.3,0.75,1000,1.0,120,0.51,112,0.615,120,0.535,0.105,-0.08,0.3649,1.0,564,324
2,0.2,0.0,long,120,0.5,0.75,1000,1.0,120,0.51,120,0.535,120,0.535,0.025,0.0,0.7944,1.0,95,367
2,0.2,0.0,long,120,0.7,0.75,1000,1.0,120,0.51,120,0.535,120,0.535,0.025,0.0,0.9973,0.9973,1,367
2,0.2,0.0,long,200,0.3,0.75,1000,1.0,200,0.585,112,0.615,200,0.92,0.03,0.305,0.3649,1.0,564,324
2,0.2,0.0,long,200,0.5,0.75,1000,1.0,200,0.585,200,0.685,200,0.92,0.1,0.235,0.8388,1.0,114,593
2,0.2,0.0,long,200,0.7,0.75,1000,1.0,200,0.585,200,0.92,200,0.92,0.335,0.0,0.9935,1.0,4,615
2,0.2,0.0,short,120,0.3,0.75,1000,1.0,120,0.38,112,0.23,120,0.46,-0.15,0.23,0.3649,1.0,564,324
2,0.2,0.0,short,120,0.5,0.75,1000,1.0,120,0.38,120,0.465,120,0.46,0.085,-0.005,0.7944,1.0,95,367
2,0.2,0.0,short,120,0.7,0.75,1000,1.0,120,0.38,120,0.46,120,0.46,0.08,0.0,0.9973,0.9973,1,367
2,0.2,0.0,short,200,0.3,0.75,1000,1.0,200,0.54,112,0.23,200,0.745,-0.31,0.515,0.3649,1.0,564,324
2,0.2,0.0,short,200,0.5,0.75,1000,1.0,200,0.54,200,0.825,200,0.745,0.285,-0.08,0.8388,1.0,114,593
2,0.2,0.0,short,200,0.7,0.75,1000,1.0,200,0.54,200,0.76,200,0.745,0.22,-0.015,0.9935,1.0,4,615
2,0.2,0.3,long,120,0.3,0.75,1000,1.0,120,0.325,120,0.515,120,0.395,0.19,-0.12,0.3916,0.9545,522,336
2,0.2,0.3,long,120,0.5,0.75,1000,1.0,120,0.325,120,0.31,120,0.395,-0.015,0.085,0.7876,0.8786,82,304
2,0.2,0.3,long,120,0.7,0.75,1000,1.0,120,0.325,120,0.36,120,0.395,0.035,0.035,0.9967,0.8649,1,301
2,0.2,0.3,long,200,0.3,0.75,1000,1.0,200,0.455,129,0.625,200,0.86,0.17,0.235,0.3869,0.9574,534,337
2,0.2,0.3,long,200,0.5,0.75,1000,1.0,200,0.455,200,0.82,200,0.86,0.365,0.04,0.8191,0.8889,106,480
2,0.2,0.3,long,200,0.7,0.75,1000,1.0,200,0.455,200,0.605,200,0.86,0.15,0.255,0.9979,0.8743,1,480
2,0.2,0.3,short,120,0.3,0.75,1000,1.0,120,0.42,120,0.245,120,0.555,-0.175,0.31,0.3916,0.9545,522,336
2,0.2,0.3,short,120,0.5,0.75,1000,1.0,120,0.42,120,0.49,120,0.555,0.07,0.065,0.7876,0.8786,82,304
2,0.2,0.3,short,120,0.7,0.75,1000,1.0,120,0.42,120,0.54,120,0.555,0.12,0.015,0.9967,0.8649,1,301
2,0.2,0.3,short,200,0.3,0.75,1000,1.0,200,0.6,129,0.215,200,0.76,-0.385,0.545,0.3869,0.9574,534,337
2,0.2,0.3,short,200,0.5,0.75,1000,1.0,200,0.6,200,0.475,200,0.76,-0.125,0.285,0.8191,0.8889,106,480
2,0.2,0.3,short,200,0.7,0.75,1000,1.0,200,0.6,200,0.705,200,0.76,0.105,0.055,0.9979,0.8743,1,480
2,0.2,0.6,long,120,0.3,0.75,1000,1.0,120,0.43,120,0.425,120,0.45,-0.005,0.025,0.3937,0.9046,482,313
2,0.2,0.6,long,120,0.5,0.75,1000,1.0,120,0.43,120,0.405,120,0.45,-0.025,0.045,0.7527,0.759,90,274
2,0.2,0.6,long,120,0.7,0.75,1000,1.0,120,0.43,120,0.395,120,0.45,-0.035,0.055,0.9961,0.6995,1,256
2,0.2,0.6,long,200,0.3,0.75,1000,1.0,200,0.52,152,0.715,200,0.915,0.195,0.2,0.4104,0.938,500,348
2,0.2,0.6,long,200,0.5,0.75,1000,1.0,200,0.52,200,0.775,200,0.915,0.255,0.14,0.7969,0.8093,106,416
2,0.2,0.6,long,200,0.7,0.75,1000,1.0,200,0.52,200,0.665,200,0.915,0.145,0.25,0.9975,0.7557,1,399
2,0.2,0.6,short,120,0.3,0.75,1000,1.0,120,0.375,120,0.39,120,0.525,0.015,0.135,0.3937,0.9046,482,313
2,0.2,0.6,short,120,0.5,0.75,1000,1.0,120,0.375,120,0.425,120,0.525,0.05,0.1,0.7527,0.759,90,274
2,0.2,0.6,short,120,0.7,0.75,1000,1.0,120,0.375,120,0.475,120,0.525,0.1,0.05,0.9961,0.6995,1,256
2,0.2,0.6,short,200,0.3,0.75,1000,1.0,200,0.56,152,0.325,200,0.7,-0.235,0.375,0.4104,0.938,500,348
2,0.2,0.6,short,200,0.5,0.75,1000,1.0,200,0.56,200,0.52,200,0.7,-0.04,0.18,0.7969,0.8093,106,416
2,0.2,0.6,short,200,0.7,0.75,1000,1.0,200,0.56,200,0.75,200,0.7,0.19,-0.05,0.9975,0.7557,1,399
2,0.4,0.0,long,120,0.3,0.75,1000,1.0,120,0.35,117,0.645,120,0.46,0.295,-0.185,0.4009,1.0,529,354
2,0.4,0.0,long,120,0.5,0.75,1000,1.0,120,0.35,120,0.455,120,0.46,0.105,0.005,0.8508,1.0,74,422
2,0.4,0.0,long,120,0.7,0.75,1000,1.0,120,0.35,120,0.46,120,0.46,0.11,0.0,1.0,0.9952,0,418
2,0.4,0.0,long,200,0.3,0.75,1000,1.0,200,0.51,117,0.645,200,0.765,0.135,0.12,0.4009,1.0,529,354
2,0.4,0.0,long,200,0.5,0.75,1000,1.0,200,0.51,200,0.63,200,0.765,0.12,0.135,0.8649,1.0,97,621
2,0.4,0.0,long,200,0.7,0.75,1000,1.0,200,0.51,200,0.765,200,0.765,0.255,0.0,0.9969,0.9969,2,653
2,0.4,0.0,short,120,0.3,0.75,1000,1.0,120,0.425,117,0.28,120,0.515,-0.145,0.235,0.4009,1.0,529,354
2,0.4,0.0,short,120,0.5,0.75,1000,1.0,120,0.425,120,0.525,120,0.515,0.1,-0.01,0.8508,1.0,74,422
2,0.4,0.0,short,120,0.7,0.75,1000,1.0,120,0.425,120,0.515,120,0.515,0.09,0.0,1.0,0.9952,0,418
2,0.4,0.0,short,200,0.3,0.75,1000,1.0,200,0.58,117,0.28,200,1.0,-0.3,0.72,0.4009,1.0,529,354
2,0.4,0.0,short,200,0.5,0.75,1000,1.0,200,0.58,200,0.905,200,1.0,0.325,0.095,0.8649,1.0,97,621
2,0.4,0.0,short,200,0.7,0.75,1000,1.0,200,0.58,200,0.98,200,1.0,0.4,0.02,0.9969,0.9969,2,653
2,0.4,0.3,long,120,0.3,0.75,1000,1.0,120,0.405,120,0.48,120,0.5,0.075,0.02,0.4056,0.9213,463,316
2,0.4,0.3,long,120,0.5,0.75,1000,1.0,120,0.405,120,0.42,120,0.5,0.015,0.08,0.7827,0.7574,78,281
2,0.4,0.3,long,120,0.7,0.75,1000,1.0,120,0.405,120,0.46,120,0.5,0.055,0.04,0.9964,0.7328,1,277
2,0.4,0.3,long,200,0.3,0.75,1000,1.0,200,0.52,161,0.715,200,0.865,0.195,0.15,0.4041,0.9313,500,339
2,0.4,0.3,long,200,0.5,0.75,1000,1.0,200,0.52,200,0.7,200,0.865,0.18,0.165,0.8297,0.7709,85,414
2,0.4,0.3,long,200,0.7,0.75,1000,1.0,200,0.52,200,0.575,200,0.865,0.055,0.29,0.9975,0.7363,1,402
2,0.4,0.3,short,120,0.3,0.75,1000,1.0,120,0.45,120,0.435,120,0.51,-0.015,0.075,0.4056,0.9213,463,316
2,0.4,0.3,short,120,0.5,0.75,1000,1.0,120,0.45,120,0.52,120,0.51,0.07,-0.01,0.7827,0.7574,78,281
2,0.4,0.3,short,120,0.7,0.75,1000,1.0,120,0.45,120,0.515,120,0.51,0.065,-0.005,0.9964,0.7328,1,277
2,0.4,0.3,short,200,0.3,0.75,1000,1.0,200,0.61,161,0.355,200,0.92,-0.255,0.565,0.4041,0.9313,500,339
2,0.4,0.3,short,200,0.5,0.75,1000,1.0,200,0.61,200,0.65,200,0.92,0.04,0.27,0.8297,0.7709,85,414
2,0.4,0.3,short,200,0.7,0.75,1000,1.0,200,0.61,200,0.73,200,0.92,0.12,0.19,0.9975,0.7363,1,402
2,0.4,0.6,long,120,0.3,0.75,1000,1.0,120,0.425,120,0.525,120,0.47,0.1,-0.055,0.3968,0.8473,447,294
2,0.4,0.6,long,120,0.5,0.75,1000,1.0,120,0.425,120,0.5,120,0.47,0.075,-0.03,0.7805,0.6038,63,224
2,0.4,0.6,long,120,0.7,0.75,1000,1.0,120,0.425,120,0.52,120,0.47,0.095,-0.05,0.9898,0.5229,2,194
2,0.4,0.6,long,200,0.3,0.75,1000,1.0,200,0.61,169,0.695,200,0.91,0.085,0.215,0.4356,0.9073,469,362
2,0.4,0.6,long,200,0.5,0.75,1000,1.0,200,0.61,200,0.615,200,0.91,0.005,0.295,0.8153,0.6378,75,331
2,0.4,0.6,long,200,0.7,0.75,1000,1.0,200,0.61,200,0.62,200,0.91,0.01,0.29,0.9932,0.5482,2,290
2,0.4,0.6,short,120,0.3,0.75,1000,1.0,120,0.43,120,0.355,120,0.48,-0.075,0.125,0.3968,0.8473,447,294
2,0.4,0.6,short,120,0.5,0.75,1000,1.0,120,0.43,120,0.43,120,0.48,0.0,0.05,0.7805,0.6038,63,224
2,0.4,0.6,short,120,0.7,0.75,1000,1.0,120,0.43,120,0.42,120,0.48,-0.01,0.06,0.9898,0.5229,2,194
2,0.4,0.6,short,200,0.3,0.75,1000,1.0,200,0.585,169,0.3,200,0.805,-0.285,0.505,0.4356,0.9073,469,362
2,0.4,0.6,short,200,0.5,0.75,1000,1.0,200,0.585,200,0.64,200,0.805,0.055,0.165,0.8153,0.6378,75,331
2,0.4,0.6,short,200,0.7,0.75,1000,1.0,200,0.585,200,0.735,200,0.805,0.15,0.07,0.9932,0.5482,2,290
2,0.6,0.0,long,120,0.3,0.75,1000,1.0,120,0.36,116,0.655,120,0.44,0.295,-0.215,0.474,1.0,465,419
2,0.6,0.0,long,120,0.5,0.75,1000,1.0,120,0.36,120,0.465,120,0.44,0.105,-0.025,0.894,1.0,58,489
2,0.6,0.0,long,120,0.7,0.75,1000,1.0,120,0.36,120,0.43,120,0.44,0.07,0.01,1.0,0.992,0,495
2,0.6,0.0,long,200,0.3,0.75,1000,1.0,200,0.5,116,0.655,200,0.695,0.155,0.04,0.474,1.0,465,419
2,0.6,0.0,long,200,0.5,0.75,1000,1.0,200,0.5,200,0.635,200,0.695,0.135,0.06,0.896,1.0,76,655
2,0.6,0.0,long,200,0.7,0.75,1000,1.0,200,0.5,200,0.685,200,0.695,0.185,0.01,0.9985,1.0,1,669
2,0.6,0.0,short,120,0.3,0.75,1000,1.0,120,0.425,116,0.265,120,0.515,-0.16,0.25,0.474,1.0,465,419
2,0.6,0.0,short,120,0.5,0.75,1000,1.0,120,0.425,120,0.515,120,0.515,0.09,0.0,0.894,1.0,58,489
2,0.6,0.0,short,120,0.7,0.75,1000,1.0,120,0.425,120,0.51,120,0.515,0.085,0.005,1.0,0.992,0,495
2,0.6,0.0,short,200,0.3,0.75,1000,1.0,200,0.57,116,0.265,200,1.0,-0.305,0.735,0.474,1.0,465,419
2,0.6,0.0,short,200,0.5,0.75,1000,1.0,200,0.57,200,0.875,200,1.0,0.305,0.125,0.896,1.0,76,655
2,0.6,0.0,short,200,0.7,0.75,1000,1.0,200,0.57,200,0.98,200,1.0,0.41,0.02,0.9985,1.0,1,669
2,0.6,0.3,long,120,0.3,0.75,1000,1.0,120,0.355,120,0.41,120,0.46,0.055,0.05,0.4801,0.901,404,373
2,0.6,0.3,long,120,0.5,0.75,1000,1.0,120,0.355,120,0.39,120,0.46,0.035,0.07,0.8777,0.6961,45,323
2,0.6,0.3,long,120,0.7,0.75,1000,1.0,120,0.355,120,0.43,120,0.46,0.075,0.03,1.0,0.6398,0,302
2,0.6,0.3,long,200,0.3,0.75,1000,1.0,200,0.58,171,0.725,200,0.68,0.145,-0.045,0.503,0.9185,412,417
2,0.6,0.3,long,200,0.5,0.75,1000,1.0,200,0.58,200,0.68,200,0.68,0.1,0.0,0.8818,0.7407,59,440
2,0.6,0.3,long,200,0.7,0.75,1000,1.0,200,0.58,200,0.67,200,0.68,0.09,0.01,0.9976,0.6683,1,415
2,0.6,0.3,short,120,0.3,0.75,1000,1.0,120,0.365,120,0.45,120,0.515,0.085,0.065,0.4801,0.901,404,373
2,0.6,0.3,short,120,0.5,0.75,1000,1.0,120,0.365,120,0.47,120,0.515,0.105,0.045,0.8777,0.6961,45,323
2,0.6,0.3,short,120,0.7,0.75,1000,1.0,120,0.365,120,0.455,120,0.515,0.09,0.06,1.0,0.6398,0,302
2,0.6,0.3,short,200,0.3,0.75,1000,1.0,200,0.565,171,0.33,200,1.0,-0.235,0.67,0.503,0.9185,412,417
2,0.6,0.3,short,200,0.5,0.75,1000,1.0,200,0.565,200,0.64,200,1.0,0.075,0.36,0.8818,0.7407,59,440
2,0.6,0.3,short,200,0.7,0.75,1000,1.0,200,0.565,200,0.5,200,1.0,-0.065,0.5,0.9976,0.6683,1,415
2,0.6,0.6,long,120,0.3,0.75,1000,1.0,120,0.37,120,0.43,120,0.43,0.06,0.0,0.4454,0.8303,396,318
2,0.6,0.6,long,120,0.5,0.75,1000,1.0,120,0.37,120,0.34,120,0.43,-0.03,0.09,0.814,0.5202,53,232
2,0.6,0.6,long,120,0.7,0.75,1000,1.0,120,0.37,120,0.36,120,0.43,-0.01,0.07,1.0,0.4216,0,191
2,0.6,0.6,long,200,0.3,0.75,1000,1.0,200,0.53,190,0.755,200,0.735,0.225,-0.02,0.4802,0.8902,421,389
2,0.6,0.6,long,200,0.5,0.75,1000,1.0,200,0.53,200,0.575,200,0.735,0.045,0.16,0.8474,0.5524,56,311
2,0.6,0.6,long,200,0.7,0.75,1000,1.0,200,0.53,200,0.545,200,0.735,0.015,0.19,1.0,0.4444,0,252
2,0.6,0.6,short,120,0.3,0.75,1000,1.0,120,0.43,120,0.445,120,0.56,0.015,0.115,0.4454,0.8303,396,318
2,0.6,0.6,short,120,0.5,0.75,1000,1.0,120,0.43,120,0.485,120,0.56,0.055,0.075,0.814,0.5202,53,232
2,0.6,0.6,short,120,0.7,0.75,1000,1.0,120,0.43,120,0.47,120,0.56,0.04,0.09,1.0,0.4216,0,191
2,0.6,0.6,short,200,0.3,0.75,1000,1.0,200,0.575,190,0.37,200,1.0,-0.205,0.63,0.4802,0.8902,421,389
2,0.6,0.6,short,200,0.5,0.75,1000,1.0,200,0.575,200,0.595,200,1.0,0.02,0.405,0.8474,0.5524,56,311
2,0.6,0.6,short,200,0.7,0.75,1000,1.0,200,0.575,200,0.58,200,1.0,0.005,0.42,1.0,0.4444,0,252
3,0.2,0.0,long,120,0.3,0.75,1000,1.0,120,0.35,111,0.715,120,0.49,0.365,-0.225,0.3723,1.0,558,331
3,0.2,0.0,long,120,0.5,0.75,1000,1.0,120,0.35,120,0.575,120,0.49,0.225,-0.085,0.8085,1.0,90,380
3,0.2,0.0,long,120,0.7,0.75,1000,1.0,120,0.35,120,0.49,120,0.49,0.14,0.0,0.9974,1.0,1,387
3,0.2,0.0,long,200,0.3,0.75,1000,1.0,200,0.595,111,0.715,200,0.96,0.12,0.245,0.3723,1.0,558,331
3,0.2,0.0,long,200,0.5,0.75,1000,1.0,200,0.595,200,0.68,200,0.96,0.085,0.28,0.8652,1.0,95,610
3,0.2,0.0,long,200,0.7,0.75,1000,1.0,200,0.595,200,0.96,200,0.96,0.365,0.0,0.9983,0.9966,1,594
3,0.2,0.0,short,120,0.3,0.75,1000,1.0,120,0.34,111,0.215,120,0.41,-0.125,0.195,0.3723,1.0,558,331
3,0.2,0.0,short,120,0.5,0.75,1000,1.0,120,0.34,120,0.35,120,0.41,0.01,0.06,0.8085,1.0,90,380
3,0.2,0.0,short,120,0.7,0.75,1000,1.0,120,0.34,120,0.41,120,0.41,0.07,0.0,0.9974,1.0,1,387
3,0.2,0.0,short,200,0.3,0.75,1000,1.0,200,0.475,111,0.215,200,0.66,-0.26,0.445,0.3723,1.0,558,331
3,0.2,0.0,short,200,0.5,0.75,1000,1.0,200,0.475,200,0.805,200,0.66,0.33,-0.145,0.8652,1.0,95,610
3,0.2,0.0,short,200,0.7,0.75,1000,1.0,200,0.475,200,0.635,200,0.66,0.16,0.025,0.9983,0.9966,1,594
3,0.2,0.3,long,120,0.3,0.75,1000,1.0,120,0.28,120,0.62,120,0.465,0.34,-0.155,0.3875,0.9738,528,334
3,0.2,0.3,long,120,0.5,0.75,1000,1.0,120,0.28,120,0.46,120,0.465,0.18,0.005,0.7703,0.902,96,322
3,0.2,0.3,long,120,0.7,0.75,1000,1.0,120,0.28,120,0.4,120,0.465,0.12,0.065,0.9938,0.874,2,319
3,0.2,0.3,long,200,0.3,0.75,1000,1.0,200,0.55,129,0.725,200,0.88,0.175,0.155,0.3869,0.9768,534,337
3,0.2,0.3,long,200,0.5,0.75,1000,1.0,200,0.55,200,0.81,200,0.88,0.26,0.07,0.8399,0.913,94,493
3,0.2,0.3,long,200,0.7,0.75,1000,1.0,200,0.55,200,0.63,200,0.88,0.08,0.25,0.9979,0.8833,1,477
3,0.2,0.3,short,120,0.3,0.75,1000,1.0,120,0.445,120,0.285,120,0.51,-0.16,0.225,0.3875,0.9738,528,334
3,0.2,0.3,short,120,0.5,0.75,1000,1.0,120,0.445,120,0.46,120,0.51,0.015,0.05,0.7703,0.902,96,322
3,0.2,0.3,short,120,0.7,0.75,1000,1.0,120,0.445,120,0.455,120,0.51,0.01,0.055,0.9938,0.874,2,319
3,0.2,0.3,short,200,0.3,0.75,1000,1.0,200,0.555,129,0.26,200,0.705,-0.295,0.445,0.3869,0.9768,534,337
3,0.2,0.3,short,200,0.5,0.75,1000,1.0,200,0.555,200,0.62,200,0.705,0.065,0.085,0.8399,0.913,94,493
3,0.2,0.3,short,200,0.7,0.75,1000,1.0,200,0.555,200,0.74,200,0.705,0.185,-0.035,0.9979,0.8833,1,477
3,0.2,0.6,long,120,0.3,0.75,1000,1.0,120,0.375,120,0.515,120,0.49,0.14,-0.025,0.3905,0.8997,476,305
3,0.2,0.6,long,120,0.5,0.75,1000,1.0,120,0.375,120,0.47,120,0.49,0.095,0.02,0.762,0.7939,89,285
3,0.2,0.6,long,120,0.7,0.75,1000,1.0,120,0.375,120,0.465,120,0.49,0.09,0.025,0.9962,0.7258,1,262
3,0.2,0.6,long,200,0.3,0.75,1000,1.0,200,0.56,152,0.77,200,0.94,0.21,0.17,0.3774,0.9195,528,320
3,0.2,0.6,long,200,0.5,0.75,1000,1.0,200,0.56,200,0.685,200,0.94,0.125,0.255,0.8141,0.7849,95,416
3,0.2,0.6,long,200,0.7,0.75,1000,1.0,200,0.56,200,0.685,200,0.94,0.125,0.255,0.9973,0.7296,1,375
3,0.2,0.6,short,120,0.3,0.75,1000,1.0,120,0.385,120,0.39,120,0.49,0.005,0.1,0.3905,0.8997,476,305
3,0.2,0.6,short,120,0.5,0.75,1000,1.0,120,0.385,120,0.49,120,0.49,0.105,0.0,0.762,0.7939,89,285
3,0.2,0.6,short,120,0.7,0.75,1000,1.0,120,0.385,120,0.455,120,0.49,0.07,0.035,0.9962,0.7258,1,262
3,0.2,0.6,short,200,0.3,0.75,1000,1.0,200,0.52,152,0.27,200,0.735,-0.25,0.465,0.3774,0.9195,528,320
3,0.2,0.6,short,200,0.5,0.75,1000,1.0,200,0.52,200,0.635,200,0.735,0.115,0.1,0.8141,0.7849,95,416
3,0.2,0.6,short,200,0.7,0.75,1000,1.0,200,0.52,200,0.76,200,0.735,0.24,-0.025,0.9973,0.7296,1,375
3,0.4,0.0,long,120,0.3,0.75,1000,1.0,120,0.37,117,0.71,120,0.51,0.34,-0.2,0.4122,1.0,519,364
3,0.4,0.0,long,120,0.5,0.75,1000,1.0,120,0.37,120,0.55,120,0.51,0.18,-0.04,0.8313,1.0,84,414
3,0.4,0.0,long,120,0.7,0.75,1000,1.0,120,0.37,120,0.51,120,0.51,0.14,0.0,0.9976,0.9976,1,420
3,0.4,0.0,long,200,0.3,0.75,1000,1.0,200,0.52,117,0.71,200,0.875,0.19,0.165,0.4122,1.0,519,364
3,0.4,0.0,long,200,0.5,0.75,1000,1.0,200,0.52,200,0.65,200,0.875,0.13,0.225,0.8795,1.0,88,642
3,0.4,0.0,long,200,0.7,0.75,1000,1.0,200,0.52,200,0.875,200,0.875,0.355,0.0,0.9968,1.0,2,623
3,0.4,0.0,short,120,0.3,0.75,1000,1.0,120,0.385,117,0.28,120,0.455,-0.105,0.175,0.4122,1.0,519,364
3,0.4,0.0,short,120,0.5,0.75,1000,1.0,120,0.385,120,0.425,120,0.455,0.04,0.03,0.8313,1.0,84,414
3,0.4,0.0,short,120,0.7,0.75,1000,1.0,120,0.385,120,0.46,120,0.455,0.075,-0.005,0.9976,0.9976,1,420
3,0.4,0.0,short,200,0.3,0.75,1000,1.0,200,0.575,117,0.28,200,0.795,-0.295,0.515,0.4122,1.0,519,364
3,0.4,0.0,short,200,0.5,0.75,1000,1.0,200,0.575,200,0.84,200,0.795,0.265,-0.045,0.8795,1.0,88,642
3,0.4,0.0,short,200,0.7,0.75,1000,1.0,200,0.575,200,0.8,200,0.795,0.225,-0.005,0.9968,1.0,2,623
3,0.4,0.3,long,120,0.3,0.75,1000,1.0,120,0.38,120,0.61,120,0.515,0.23,-0.095,0.4452,0.9266,425,341
3,0.4,0.3,long,120,0.5,0.75,1000,1.0,120,0.38,120,0.395,120,0.515,0.015,0.12,0.8182,0.7559,64,288
3,0.4,0.3,long,120,0.7,0.75,1000,1.0,120,0.38,120,0.475,120,0.515,0.095,0.04,1.0,0.7026,0,274
3,0.4,0.3,long,200,0.3,0.75,1000,1.0,200,0.575,158,0.755,200,0.925,0.18,0.17,0.4644,0.9513,451,391
3,0.4,0.3,long,200,0.5,0.75,1000,1.0,200,0.575,200,0.78,200,0.925,0.205,0.145,0.8598,0.7747,69,423
3,0.4,0.3,long,200,0.7,0.75,1000,1.0,200,0.575,200,0.61,200,0.925,0.035,0.315,0.9975,0.711,1,396
3,0.4,0.3,short,120,0.3,0.75,1000,1.0,120,0.35,120,0.405,120,0.405,0.055,0.0,0.4452,0.9266,425,341
3,0.4,0.3,short,120,0.5,0.75,1000,1.0,120,0.35,120,0.46,120,0.405,0.11,-0.055,0.8182,0.7559,64,288
3,0.4,0.3,short,120,0.7,0.75,1000,1.0,120,0.35,120,0.37,120,0.405,0.02,0.035,1.0,0.7026,0,274
3,0.4,0.3,short,200,0.3,0.75,1000,1.0,200,0.515,158,0.365,200,0.82,-0.15,0.455,0.4644,0.9513,451,391
3,0.4,0.3,short,200,0.5,0.75,1000,1.0,200,0.515,200,0.54,200,0.82,0.025,0.28,0.8598,0.7747,69,423
3,0.4,0.3,short,200,0.7,0.75,1000,1.0,200,0.515,200,0.655,200,0.82,0.14,0.165,0.9975,0.711,1,396
3,0.4,0.6,long,120,0.3,0.75,1000,1.0,120,0.35,120,0.565,120,0.515,0.215,-0.05,0.388,0.8158,440,279
3,0.4,0.6,long,120,0.5,0.75,1000,1.0,120,0.35,120,0.435,120,0.515,0.085,0.08,0.7574,0.5583,66,206
3,0.4,0.6,long,120,0.7,0.75,1000,1.0,120,0.35,120,0.42,120,0.515,0.07,0.095,1.0,0.4866,0,181
3,0.4,0.6,long,200,0.3,0.75,1000,1.0,200,0.53,187,0.86,200,0.825,0.33,-0.035,0.4293,0.8703,464,349
3,0.4,0.6,long,200,0.5,0.75,1000,1.0,200,0.53,200,0.595,200,0.825,0.065,0.23,0.8196,0.5886,68,309
3,0.4,0.6,long,200,0.7,0.75,1000,1.0,200,0.53,200,0.59,200,0.825,0.06,0.235,0.9963,0.5067,1,266
3,0.4,0.6,short,120,0.3,0.75,1000,1.0,120,0.37,120,0.345,120,0.41,-0.025,0.065,0.388,0.8158,440,279
3,0.4,0.6,short,120,0.5,0.75,1000,1.0,120,0.37,120,0.455,120,0.41,0.085,-0.045,0.7574,0.5583,66,206
3,0.4,0.6,short,120,0.7,0.75,1000,1.0,120,0.37,120,0.4,120,0.41,0.03,0.01,1.0,0.4866,0,181
3,0.4,0.6,short,200,0.3,0.75,1000,1.0,200,0.55,187,0.29,200,0.885,-0.26,0.595,0.4293,0.8703,464,349
3,0.4,0.6,short,200,0.5,0.75,1000,1.0,200,0.55,200,0.73,200,0.885,0.18,0.155,0.8196,0.5886,68,309
3,0.4,0.6,short,200,0.7,0.75,1000,1.0,200,0.55,200,0.68,200,0.885,0.13,0.205,0.9963,0.5067,1,266
3,0.6,0.0,long,120,0.3,0.75,1000,1.0,120,0.385,116,0.725,120,0.44,0.34,-0.285,0.4955,1.0,446,438
3,0.6,0.0,long,120,0.5,0.75,1000,1.0,120,0.385,120,0.485,120,0.44,0.1,-0.045,0.8971,1.0,60,523
3,0.6,0.0,long,120,0.7,0.75,1000,1.0,120,0.385,120,0.465,120,0.44,0.08,-0.025,1.0,0.9961,0,517
3,0.6,0.0,long,200,0.3,0.75,1000,1.0,200,0.53,116,0.725,200,0.675,0.195,-0.05,0.4955,1.0,446,438
3,0.6,0.0,long,200,0.5,0.75,1000,1.0,200,0.53,200,0.66,200,0.675,0.13,0.015,0.9054,1.0,70,670
3,0.6,0.0,long,200,0.7,0.75,1000,1.0,200,0.53,200,0.665,200,0.675,0.135,0.01,0.9985,1.0,1,681
3,0.6,0.0,short,120,0.3,0.75,1000,1.0,120,0.345,116,0.235,120,0.46,-0.11,0.225,0.4955,1.0,446,438
3,0.6,0.0,short,120,0.5,0.75,1000,1.0,120,0.345,120,0.425,120,0.46,0.08,0.035,0.8971,1.0,60,523
3,0.6,0.0,short,120,0.7,0.75,1000,1.0,120,0.345,120,0.45,120,0.46,0.105,0.01,1.0,0.9961,0,517
3,0.6,0.0,short,200,0.3,0.75,1000,1.0,200,0.545,116,0.235,200,1.0,-0.31,0.765,0.4955,1.0,446,438
3,0.6,0.0,short,200,0.5,0.75,1000,1.0,200,0.545,200,0.82,200,1.0,0.275,0.18,0.9054,1.0,70,670
3,0.6,0.0,short,200,0.7,0.75,1000,1.0,200,0.545,200,0.99,200,1.0,0.445,0.01,0.9985,1.0,1,681
3,0.6,0.3,long,120,0.3,0.75,1000,1.0,120,0.41,120,0.45,120,0.51,0.04,0.06,0.4607,0.8606,412,352
3,0.6,0.3,long,120,0.5,0.75,1000,1.0,120,0.41,120,0.39,120,0.51,-0.02,0.12,0.8877,0.7359,43,340
3,0.6,0.3,long,120,0.7,0.75,1000,1.0,120,0.41,120,0.41,120,0.51,0.0,0.1,1.0,0.6471,0,297
3,0.6,0.3,long,200,0.3,0.75,1000,1.0,200,0.585,169,0.775,200,0.78,0.19,0.005,0.4681,0.9068,442,389
3,0.6,0.3,long,200,0.5,0.75,1000,1.0,200,0.585,200,0.67,200,0.78,0.085,0.11,0.8782,0.7509,61,440
3,0.6,0.3,long,200,0.7,0.75,1000,1.0,200,0.585,200,0.695,200,0.78,0.11,0.085,0.995,0.6739,2,401
3,0.6,0.3,short,120,0.3,0.75,1000,1.0,120,0.45,120,0.465,120,0.54,0.015,0.075,0.4607,0.8606,412,352
3,0.6,0.3,short,120,0.5,0.75,1000,1.0,120,0.45,120,0.555,120,0.54,0.105,-0.015,0.8877,0.7359,43,340
3,0.6,0.3,short,120,0.7,0.75,1000,1.0,120,0.45,120,0.495,120,0.54,0.045,0.045,1.0,0.6471,0,297
3,0.6,0.3,short,200,0.3,0.75,1000,1.0,200,0.625,169,0.325,200,1.0,-0.3,0.675,0.4681,0.9068,442,389
3,0.6,0.3,short,200,0.5,0.75,1000,1.0,200,0.625,200,0.65,200,1.0,0.025,0.35,0.8782,0.7509,61,440
3,0.6,0.3,short,200,0.7,0.75,1000,1.0,200,0.625,200,0.6,200,1.0,-0.025,0.4,0.995,0.6739,2,401
3,0.6,0.6,long,120,0.3,0.75,1000,1.0,120,0.365,120,0.475,120,0.475,0.11,0.0,0.4747,0.8106,374,338
3,0.6,0.6,long,120,0.5,0.75,1000,1.0,120,0.365,120,0.345,120,0.475,-0.02,0.13,0.8439,0.464,37,200
3,0.6,0.6,long,120,0.7,0.75,1000,1.0,120,0.365,120,0.365,120,0.475,0.0,0.11,1.0,0.3481,0,149
3,0.6,0.6,long,200,0.3,0.75,1000,1.0,200,0.54,200,0.83,200,0.815,0.29,-0.015,0.5025,0.8642,397,401
3,0.6,0.6,long,200,0.5,0.75,1000,1.0,200,0.54,200,0.625,200,0.815,0.085,0.19,0.8404,0.5027,53,279
3,0.6,0.6,long,200,0.7,0.75,1000,1.0,200,0.54,200,0.655,200,0.815,0.115,0.16,0.9953,0.3788,1,211
3,0.6,0.6,short,120,0.3,0.75,1000,1.0,120,0.4,120,0.405,120,0.495,0.005,0.09,0.4747,0.8106,374,338
3,0.6,0.6,short,120,0.5,0.75,1000,1.0,120,0.4,120,0.455,120,0.495,0.055,0.04,0.8439,0.464,37,200
3,0.6,0.6,short,120,0.7,0.75,1000,1.0,120,0.4,120,0.405,120,0.495,0.005,0.09,1.0,0.3481,0,149
3,0.6,0.6,short,200,0.3,0.75,1000,1.0,200,0.575,200,0.295,200,1.0,-0.28,0.705,0.5025,0.8642,397,401
3,0.6,0.6,short,200,0.5,0.75,1000,1.0,200,0.575,200,0.625,200,1.0,0.05,0.375,0.8404,0.5027,53,279
3,0.6,0.6,short,200,0.7,0.75,1000,1.0,200,0.575,200,0.61,200,1.0,0.035,0.39,0.9953,0.3788,1,211
4,0.2,0.0,long,120,0.3,0.75,1000,1.0,120,0.385,103,0.645,120,0.47,0.26,-0.175,0.3779,1.0,558,339
4,0.2,0.0,long,120,0.5,0.75,1000,1.0,120,0.385,120,0.455,120,0.47,0.07,0.015,0.8157,1.0,89,394
4,0.2,0.0,long,120,0.7,0.75,1000,1.0,120,0.385,120,0.45,120,0.47,0.065,0.02,0.9974,0.9948,1,386
4,0.2,0.0,long,200,0.3,0.75,1000,1.0,200,0.535,103,0.645,200,0.89,0.11,0.245,0.3779,1.0,558,339
4,0.2,0.0,long,200,0.5,0.75,1000,1.0,200,0.535,200,0.75,200,0.89,0.215,0.14,0.8552,1.0,106,626
4,0.2,0.0,long,200,0.7,0.75,1000,1.0,200,0.535,200,0.89,200,0.89,0.355,0.0,0.9951,0.9984,3,615
4,0.2,0.0,short,120,0.3,0.75,1000,1.0,120,0.455,103,0.225,120,0.555,-0.23,0.33,0.3779,1.0,558,339
4,0.2,0.0,short,120,0.5,0.75,1000,1.0,120,0.455,120,0.47,120,0.555,0.015,0.085,0.8157,1.0,89,394
4,0.2,0.0,short,120,0.7,0.75,1000,1.0,120,0.455,120,0.55,120,0.555,0.095,0.005,0.9974,0.9948,1,386
4,0.2,0.0,short,200,0.3,0.75,1000,1.0,200,0.605,103,0.225,200,0.72,-0.38,0.495,0.3779,1.0,558,339
4,0.2,0.0,short,200,0.5,0.75,1000,1.0,200,0.605,200,0.785,200,0.72,0.18,-0.065,0.8552,1.0,106,626
4,0.2,0.0,short,200,0.7,0.75,1000,1.0,200,0.605,200,0.72,200,0.72,0.115,0.0,0.9951,0.9984,3,615
4,0.2,0.3,long,120,0.3,0.75,1000,1.0,120,0.375,120,0.51,120,0.5,0.135,-0.01,0.3889,0.962,517,329
4,0.2,0.3,long,120,0.5,0.75,1000,1.0,120,0.375,120,0.5,120,0.5,0.125,0.0,0.8234,0.8544,68,317
4,0.2,0.3,long,120,0.7,0.75,1000,1.0,120,0.375,120,0.515,120,0.5,0.14,-0.015,0.9967,0.8226,1,306
4,0.2,0.3,long,200,0.3,0.75,1000,1.0,200,0.595,134,0.675,200,0.905,0.08,0.23,0.3857,0.9625,532,334
4,0.2,0.3,long,200,0.5,0.75,1000,1.0,200,0.595,200,0.785,200,0.905,0.19,0.12,0.8456,0.8842,92,504
4,0.2,0.3,long,200,0.7,0.75,1000,1.0,200,0.595,200,0.635,200,0.905,0.04,0.27,0.9935,0.8443,3,461
4,0.2,0.3,short,120,0.3,0.75,1000,1.0,120,0.345,120,0.335,120,0.5,-0.01,0.165,0.3889,0.962,517,329
4,0.2,0.3,short,120,0.5,0.75,1000,1.0,120,0.345,120,0.485,120,0.5,0.14,0.015,0.8234,0.8544,68,317
4,0.2,0.3,short,120,0.7,0.75,1000,1.0,120,0.345,120,0.48,120,0.5,0.135,0.02,0.9967,0.8226,1,306
4,0.2,0.3,short,200,0.3,0.75,1000,1.0,200,0.56,134,0.265,200,0.74,-0.295,0.475,0.3857,0.9625,532,334
4,0.2,0.3,short,200,0.5,0.75,1000,1.0,200,0.56,200,0.64,200,0.74,0.08,0.1,0.8456,0.8842,92,504
4,0.2,0.3,short,200,0.7,0.75,1000,1.0,200,0.56,200,0.73,200,0.74,0.17,0.01,0.9935,0.8443,3,461
4,0.2,0.6,long,120,0.3,0.75,1000,1.0,120,0.42,120,0.49,120,0.55,0.07,0.06,0.3938,0.9296,488,317
4,0.2,0.6,long,120,0.5,0.75,1000,1.0,120,0.42,120,0.48,120,0.55,0.06,0.07,0.7507,0.7382,88,265
4,0.2,0.6,long,120,0.7,0.75,1000,1.0,120,0.42,120,0.47,120,0.55,0.05,0.08,0.9962,0.719,1,261
4,0.2,0.6,long,200,0.3,0.75,1000,1.0,200,0.595,149,0.75,200,0.91,0.155,0.16,0.4054,0.9478,506,345
4,0.2,0.6,long,200,0.5,0.75,1000,1.0,200,0.595,200,0.75,200,0.91,0.155,0.16,0.8038,0.7947,103,422
4,0.2,0.6,long,200,0.7,0.75,1000,1.0,200,0.595,200,0.625,200,0.91,0.03,0.285,0.9926,0.757,3,405
4,0.2,0.6,short,120,0.3,0.75,1000,1.0,120,0.405,120,0.355,120,0.485,-0.05,0.13,0.3938,0.9296,488,317
4,0.2,0.6,short,120,0.5,0.75,1000,1.0,120,0.405,120,0.41,120,0.485,0.005,0.075,0.7507,0.7382,88,265
4,0.2,0.6,short,120,0.7,0.75,1000,1.0,120,0.405,120,0.455,120,0.485,0.05,0.03,0.9962,0.719,1,261
4,0.2,0.6,short,200,0.3,0.75,1000,1.0,200,0.565,149,0.305,200,0.73,-0.26,0.425,0.4054,0.9478,506,345
4,0.2,0.6,short,200,0.5,0.75,1000,1.0,200,0.565,200,0.525,200,0.73,-0.04,0.205,0.8038,0.7947,103,422
4,0.2,0.6,short,200,0.7,0.75,1000,1.0,200,0.565,200,0.735,200,0.73,0.17,-0.005,0.9926,0.757,3,405
4,0.4,0.0,long,120,0.3,0.75,1000,1.0,120,0.32,115,0.645,120,0.51,0.325,-0.135,0.4294,1.0,505,380
4,0.4,0.0,long,120,0.5,0.75,1000,1.0,120,0.32,120,0.485,120,0.51,0.165,0.025,0.8551,1.0,70,413
4,0.4,0.0,long,120,0.7,0.75,1000,1.0,120,0.32,120,0.475,120,0.51,0.155,0.035,0.9976,0.9905,1,415
4,0.4,0.0,long,200,0.3,0.75,1000,1.0,200,0.58,115,0.645,200,0.82,0.065,0.175,0.4294,1.0,505,380
4,0.4,0.0,long,200,0.5,0.75,1000,1.0,200,0.58,200,0.615,200,0.82,0.035,0.205,0.8759,1.0,88,621
4,0.4,0.0,long,200,0.7,0.75,1000,1.0,200,0.58,200,0.82,200,0.82,0.24,0.0,0.9984,1.0,1,641
4,0.4,0.0,short,120,0.3,0.75,1000,1.0,120,0.365,115,0.265,120,0.46,-0.1,0.195,0.4294,1.0,505,380
4,0.4,0.0,short,120,0.5,0.75,1000,1.0,120,0.365,120,0.47,120,0.46,0.105,-0.01,0.8551,1.0,70,413
4,0.4,0.0,short,120,0.7,0.75,1000,1.0,120,0.365,120,0.475,120,0.46,0.11,-0.015,0.9976,0.9905,1,415
4,0.4,0.0,short,200,0.3,0.75,1000,1.0,200,0.545,115,0.265,200,0.945,-0.28,0.68,0.4294,1.0,505,380
4,0.4,0.0,short,200,0.5,0.75,1000,1.0,200,0.545,200,0.845,200,0.945,0.3,0.1,0.8759,1.0,88,621
4,0.4,0.0,short,200,0.7,0.75,1000,1.0,200,0.545,200,0.945,200,0.945,0.4,0.0,0.9984,1.0,1,641
4,0.4,0.3,long,120,0.3,0.75,1000,1.0,120,0.395,120,0.505,120,0.435,0.11,-0.07,0.4288,0.9051,445,334
4,0.4,0.3,long,120,0.5,0.75,1000,1.0,120,0.395,120,0.49,120,0.435,0.095,-0.055,0.8229,0.7906,65,302
4,0.4,0.3,long,120,0.7,0.75,1000,1.0,120,0.395,120,0.465,120,0.435,0.07,-0.03,1.0,0.7513,0,287
4,0.4,0.3,long,200,0.3,0.75,1000,1.0,200,0.575,156,0.71,200,0.895,0.135,0.185,0.4443,0.9352,469,375
4,0.4,0.3,long,200,0.5,0.75,1000,1.0,200,0.575,200,0.725,200,0.895,0.15,0.17,0.8457,0.8102,81,444
4,0.4,0.3,long,200,0.7,0.75,1000,1.0,200,0.575,200,0.65,200,0.895,0.075,0.245,0.9977,0.7846,1,437
4,0.4,0.3,short,120,0.3,0.75,1000,1.0,120,0.385,120,0.45,120,0.485,0.065,0.035,0.4288,0.9051,445,334
4,0.4,0.3,short,120,0.5,0.75,1000,1.0,120,0.385,120,0.44,120,0.485,0.055,0.045,0.8229,0.7906,65,302
4,0.4,0.3,short,120,0.7,0.75,1000,1.0,120,0.385,120,0.47,120,0.485,0.085,0.015,1.0,0.7513,0,287
4,0.4,0.3,short,200,0.3,0.75,1000,1.0,200,0.55,156,0.39,200,0.795,-0.16,0.405,0.4443,0.9352,469,375
4,0.4,0.3,short,200,0.5,0.75,1000,1.0,200,0.55,200,0.565,200,0.795,0.015,0.23,0.8457,0.8102,81,444
4,0.4,0.3,short,200,0.7,0.75,1000,1.0,200,0.55,200,0.645,200,0.795,0.095,0.15,0.9977,0.7846,1,437
4,0.4,0.6,long,120,0.3,0.75,1000,1.0,120,0.405,120,0.56,120,0.475,0.155,-0.085,0.4,0.8333,435,290
4,0.4,0.6,long,120,0.5,0.75,1000,1.0,120,0.405,120,0.455,120,0.475,0.05,0.02,0.7739,0.6066,64,219
4,0.4,0.6,long,120,0.7,0.75,1000,1.0,120,0.405,120,0.445,120,0.475,0.04,0.03,1.0,0.5422,0,199
4,0.4,0.6,long,200,0.3,0.75,1000,1.0,200,0.62,183,0.755,200,0.945,0.135,0.19,0.4468,0.9012,452,365
4,0.4,0.6,long,200,0.5,0.75,1000,1.0,200,0.62,200,0.615,200,0.945,-0.005,0.33,0.8189,0.6358,73,330
4,0.4,0.6,long,200,0.7,0.75,1000,1.0,200,0.62,200,0.745,200,0.945,0.125,0.2,0.9965,0.551,1,281
4,0.4,0.6,short,120,0.3,0.75,1000,1.0,120,0.46,120,0.4,120,0.475,-0.06,0.075,0.4,0.8333,435,290
4,0.4,0.6,short,120,0.5,0.75,1000,1.0,120,0.46,120,0.45,120,0.475,-0.01,0.025,0.7739,0.6066,64,219
4,0.4,0.6,short,120,0.7,0.75,1000,1.0,120,0.46,120,0.49,120,0.475,0.03,-0.015,1.0,0.5422,0,199
4,0.4,0.6,short,200,0.3,0.75,1000,1.0,200,0.54,183,0.515,200,0.835,-0.025,0.32,0.4468,0.9012,452,365
4,0.4,0.6,short,200,0.5,0.75,1000,1.0,200,0.54,200,0.64,200,0.835,0.1,0.195,0.8189,0.6358,73,330
4,0.4,0.6,short,200,0.7,0.75,1000,1.0,200,0.54,200,0.63,200,0.835,0.09,0.205,0.9965,0.551,1,281
4,0.6,0.0,long,120,0.3,0.75,1000,1.0,120,0.465,110,0.695,120,0.545,0.23,-0.15,0.4764,1.0,466,424
4,0.6,0.0,long,120,0.5,0.75,1000,1.0,120,0.465,120,0.52,120,0.545,0.055,0.025,0.8716,1.0,70,475
4,0.6,0.0,long,120,0.7,0.75,1000,1.0,120,0.465,120,0.535,120,0.545,0.07,0.01,1.0,0.9917,0,477
4,0.6,0.0,long,200,0.3,0.75,1000,1.0,200,0.655,110,0.695,200,0.775,0.04,0.08,0.4764,1.0,466,424
4,0.6,0.0,long,200,0.5,0.75,1000,1.0,200,0.655,200,0.71,200,0.775,0.055,0.065,0.8847,1.0,83,637
4,0.6,0.0,long,200,0.7,0.75,1000,1.0,200,0.655,200,0.775,200,0.775,0.12,0.0,0.9985,0.9985,1,663
4,0.6,0.0,short,120,0.3,0.75,1000,1.0,120,0.385,110,0.205,120,0.455,-0.18,0.25,0.4764,1.0,466,424
4,0.6,0.0,short,120,0.5,0.75,1000,1.0,120,0.385,120,0.495,120,0.455,0.11,-0.04,0.8716,1.0,70,475
4,0.6,0.0,short,120,0.7,0.75,1000,1.0,120,0.385,120,0.455,120,0.455,0.07,0.0,1.0,0.9917,0,477
4,0.6,0.0,short,200,0.3,0.75,1000,1.0,200,0.565,110,0.205,200,1.0,-0.36,0.795,0.4764,1.0,466,424
4,0.6,0.0,short,200,0.5,0.75,1000,1.0,200,0.565,200,0.835,200,1.0,0.27,0.165,0.8847,1.0,83,637
4,0.6,0.0,short,200,0.7,0.75,1000,1.0,200,0.565,200,0.985,200,1.0,0.42,0.015,0.9985,0.9985,1,663
4,0.6,0.3,long,120,0.3,0.75,1000,1.0,120,0.345,120,0.465,120,0.455,0.12,-0.01,0.463,0.8706,406,350
4,0.6,0.3,long,120,0.5,0.75,1000,1.0,120,0.345,120,0.385,120,0.455,0.04,0.07,0.8693,0.7165,49,326
4,0.6,0.3,long,120,0.7,0.75,1000,1.0,120,0.345,120,0.345,120,0.455,0.0,0.11,1.0,0.6222,0,280
4,0.6,0.3,long,200,0.3,0.75,1000,1.0,200,0.49,176,0.785,200,0.71,0.295,-0.075,0.4648,0.9012,441,383
4,0.6,0.3,long,200,0.5,0.75,1000,1.0,200,0.49,200,0.665,200,0.71,0.175,0.045,0.879,0.742,61,443
4,0.6,0.3,long,200,0.7,0.75,1000,1.0,200,0.49,200,0.63,200,0.71,0.14,0.08,0.9975,0.6491,1,394
4,0.6,0.3,short,120,0.3,0.75,1000,1.0,120,0.39,120,0.435,120,0.52,0.045,0.085,0.463,0.8706,406,350
4,0.6,0.3,short,120,0.5,0.75,1000,1.0,120,0.39,120,0.435,120,0.52,0.045,0.085,0.8693,0.7165,49,326
4,0.6,0.3,short,120,0.7,0.75,1000,1.0,120,0.39,120,0.42,120,0.52,0.03,0.1,1.0,0.6222,0,280
4,0.6,0.3,short,200,0.3,0.75,1000,1.0,200,0.495,176,0.3,200,1.0,-0.195,0.7,0.4648,0.9012,441,383
4,0.6,0.3,short,200,0.5,0.75,1000,1.0,200,0.495,200,0.545,200,1.0,0.05,0.455,0.879,0.742,61,443
4,0.6,0.3,short,200,0.7,0.75,1000,1.0,200,0.495,200,0.475,200,1.0,-0.02,0.525,0.9975,0.6491,1,394
4,0.6,0.6,long,120,0.3,0.75,1000,1.0,120,0.305,120,0.51,120,0.455,0.205,-0.055,0.4455,0.8321,407,327
4,0.6,0.6,long,120,0.5,0.75,1000,1.0,120,0.305,120,0.33,120,0.455,0.025,0.125,0.8635,0.5065,37,234
4,0.6,0.6,long,120,0.7,0.75,1000,1.0,120,0.305,120,0.32,120,0.455,0.015,0.135,0.9943,0.3906,1,175
4,0.6,0.6,long,200,0.3,0.75,1000,1.0,200,0.465,188,0.76,200,0.65,0.295,-0.11,0.4446,0.8636,451,361
4,0.6,0.6,long,200,0.5,0.75,1000,1.0,200,0.465,200,0.61,200,0.65,0.145,0.04,0.8567,0.5304,51,305
4,0.6,0.6,long,200,0.7,0.75,1000,1.0,200,0.465,200,0.59,200,0.65,0.125,0.06,0.9959,0.4221,1,244
4,0.6,0.6,short,120,0.3,0.75,1000,1.0,120,0.49,120,0.425,120,0.6,-0.065,0.175,0.4455,0.8321,407,327
4,0.6,0.6,short,120,0.5,0.75,1000,1.0,120,0.49,120,0.555,120,0.6,0.065,0.045,0.8635,0.5065,37,234
4,0.6,0.6,short,120,0.7,0.75,1000,1.0,120,0.49,120,0.53,120,0.6,0.04,0.07,0.9943,0.3906,1,175
4,0.6,0.6,short,200,0.3,0.75,1000,1.0,200,0.635,188,0.25,200,1.0,-0.385,0.75,0.4446,0.8636,451,361
4,0.6,0.6,short,200,0.5,0.75,1000,1.0,200,0.635,200,0.68,200,1.0,0.045,0.32,0.8567,0.5304,51,305
4,0.6,0.6,short,200,0.7,0.75,1000,1.0,200,0.635,200,0.73,200,1.0,0.095,0.27,0.9959,0.4221,1,244
