K,skew,B,load,capfam,policy,W,p99_mean,p99_std,recomp_mean,recomp_std,hit_mean
8,1.5,4,0.7,5,bounded,1,3.412,1.340,121173,16359,0.8521
8,1.5,4,0.7,5,bounded,2,3.137,1.194,119637,15107,0.8540
8,1.5,4,0.7,5,bounded,4,2.788,0.864,117419,13810,0.8567
8,1.5,4,0.7,5,bounded,8,2.729,0.811,116053,12989,0.8583
8,1.5,4,0.7,5,bounded,16,2.699,0.705,114347,13670,0.8604
8,1.5,4,0.7,5,bounded,32,2.694,0.719,114603,13591,0.8601
8,1.5,4,0.7,5,greedy,0,2.694,0.719,114603,13591,0.8601
8,1.5,4,0.7,5,vtc,0,7.642,3.734,124843,15614,0.8476
8,1.5,4,0.7,6,bounded,1,2.097,0.977,74581,9604,0.9090
8,1.5,4,0.7,6,bounded,2,2.026,1.012,74155,9347,0.9095
8,1.5,4,0.7,6,bounded,4,1.961,0.914,72789,9310,0.9111
8,1.5,4,0.7,6,bounded,8,1.925,0.952,72363,9248,0.9117
8,1.5,4,0.7,6,bounded,16,1.889,0.847,72277,9014,0.9118
8,1.5,4,0.7,6,bounded,32,1.894,0.886,72107,8907,0.9120
8,1.5,4,0.7,6,greedy,0,1.894,0.886,72107,8907,0.9120
8,1.5,4,0.7,6,vtc,0,4.050,2.091,75947,10032,0.9073
8,1.5,4,0.7,7,bounded,1,1.617,1.058,39851,5320,0.9514
8,1.5,4,0.7,7,bounded,2,1.612,1.080,39680,5380,0.9516
8,1.5,4,0.7,7,bounded,4,1.586,1.093,39680,5380,0.9516
8,1.5,4,0.7,7,bounded,8,1.602,1.114,39680,5315,0.9516
8,1.5,4,0.7,7,bounded,16,1.536,0.993,39595,5244,0.9517
8,1.5,4,0.7,7,bounded,32,1.540,1.027,39509,5304,0.9518
8,1.5,4,0.7,7,greedy,0,1.540,1.027,39509,5304,0.9518
8,1.5,4,0.7,7,vtc,0,2.446,1.728,39595,5440,0.9517
8,1.5,4,1.0,5,bounded,1,9.919,4.116,117931,12554,0.8560
8,1.5,4,1.0,5,bounded,2,8.633,2.831,112896,9011,0.8622
8,1.5,4,1.0,5,bounded,4,7.394,2.413,107008,11330,0.8694
8,1.5,4,1.0,5,bounded,8,6.535,1.805,102485,9468,0.8749
8,1.5,4,1.0,5,bounded,16,5.329,1.099,93440,10082,0.8859
8,1.5,4,1.0,5,bounded,32,5.491,1.356,90027,10401,0.8901
8,1.5,4,1.0,5,greedy,0,5.527,1.404,88917,10491,0.8915
8,1.5,4,1.0,5,vtc,0,27.723,13.879,121941,13338,0.8511
8,1.5,4,1.0,6,bounded,1,4.615,1.815,76544,9960,0.9066
8,1.5,4,1.0,6,bounded,2,4.451,1.574,75349,9660,0.9080
8,1.5,4,1.0,6,bounded,4,4.221,1.468,72363,8960,0.9117
8,1.5,4,1.0,6,bounded,8,4.008,1.208,70315,8622,0.9142
8,1.5,4,1.0,6,bounded,16,4.060,1.191,65707,8504,0.9198
8,1.5,4,1.0,6,bounded,32,4.123,1.324,64853,7470,0.9208
8,1.5,4,1.0,6,greedy,0,4.156,1.477,64171,7836,0.9217
8,1.5,4,1.0,6,vtc,0,10.809,4.682,78933,12443,0.9036
8,1.5,4,1.0,7,bounded,1,3.037,1.195,39851,5187,0.9514
8,1.5,4,1.0,7,bounded,2,3.045,1.235,39595,5074,0.9517
8,1.5,4,1.0,7,bounded,4,3.128,1.315,39595,4899,0.9517
8,1.5,4,1.0,7,bounded,8,3.180,1.365,38912,4617,0.9525
8,1.5,4,1.0,7,bounded,16,3.381,1.463,37973,4221,0.9536
8,1.5,4,1.0,7,bounded,32,3.312,1.529,37547,4167,0.9542
8,1.5,4,1.0,7,greedy,0,3.430,1.763,37461,4159,0.9543
8,1.5,4,1.0,7,vtc,0,5.676,2.245,40448,5329,0.9506
8,1.5,4,1.4,5,bounded,1,32.261,5.748,116053,12881,0.8583
8,1.5,4,1.4,5,bounded,2,29.451,5.633,108544,12457,0.8675
8,1.5,4,1.4,5,bounded,4,25.315,4.132,97109,8807,0.8815
8,1.5,4,1.4,5,bounded,8,21.238,4.573,84480,8971,0.8969
8,1.5,4,1.4,5,bounded,16,17.590,3.058,71851,5575,0.9123
8,1.5,4,1.4,5,bounded,32,14.583,2.854,58283,4344,0.9289
8,1.5,4,1.4,5,greedy,0,17.576,5.650,39851,9120,0.9514
8,1.5,4,1.4,5,vtc,0,63.361,10.022,125867,24347,0.8464
8,1.5,4,1.4,6,bounded,1,17.211,4.355,73984,8451,0.9097
8,1.5,4,1.4,6,bounded,2,16.797,4.912,72533,10722,0.9115
8,1.5,4,1.4,6,bounded,4,15.421,4.107,67755,7382,0.9173
8,1.5,4,1.4,6,bounded,8,14.481,3.538,64171,7563,0.9217
8,1.5,4,1.4,6,bounded,16,13.645,3.472,58965,6172,0.9280
8,1.5,4,1.4,6,bounded,32,11.555,3.368,47957,4943,0.9415
8,1.5,4,1.4,6,greedy,0,16.436,7.784,33963,7569,0.9585
8,1.5,4,1.4,6,vtc,0,39.864,11.343,80384,13010,0.9019
8,1.5,4,1.4,7,bounded,1,7.375,2.952,39936,5255,0.9512
8,1.5,4,1.4,7,bounded,2,7.317,2.833,39680,5045,0.9516
8,1.5,4,1.4,7,bounded,4,7.743,2.765,39765,4908,0.9515
8,1.5,4,1.4,7,bounded,8,7.979,2.932,39936,4730,0.9512
8,1.5,4,1.4,7,bounded,16,8.339,2.767,38571,5310,0.9529
8,1.5,4,1.4,7,bounded,32,8.472,3.056,32768,4803,0.9600
8,1.5,4,1.4,7,greedy,0,14.900,9.847,25600,4464,0.9688
8,1.5,4,1.4,7,vtc,0,15.579,6.081,41301,5244,0.9496
8,2.0,4,0.7,5,bounded,1,1.752,0.926,62208,8785,0.9241
8,2.0,4,0.7,5,bounded,2,1.665,0.833,62208,8785,0.9241
8,2.0,4,0.7,5,bounded,4,1.691,0.752,61781,8396,0.9246
8,2.0,4,0.7,5,bounded,8,1.757,0.792,61696,8367,0.9247
8,2.0,4,0.7,5,bounded,16,1.758,0.808,61355,8638,0.9251
8,2.0,4,0.7,5,bounded,32,1.762,0.819,61184,8430,0.9253
8,2.0,4,0.7,5,greedy,0,1.762,0.819,61184,8430,0.9253
8,2.0,4,0.7,5,vtc,0,2.854,1.585,62720,8725,0.9234
8,2.0,4,0.7,6,bounded,1,1.411,0.860,39765,7287,0.9515
8,2.0,4,0.7,6,bounded,2,1.388,0.773,39851,7192,0.9514
8,2.0,4,0.7,6,bounded,4,1.379,0.784,39851,7216,0.9514
8,2.0,4,0.7,6,bounded,8,1.372,0.801,39765,7117,0.9515
8,2.0,4,0.7,6,bounded,16,1.364,0.788,39680,7114,0.9516
8,2.0,4,0.7,6,bounded,32,1.368,0.801,39680,7114,0.9516
8,2.0,4,0.7,6,greedy,0,1.368,0.801,39680,7114,0.9516
8,2.0,4,0.7,6,vtc,0,1.956,1.365,39595,7257,0.9517
8,2.0,4,0.7,7,bounded,1,1.223,0.881,23637,3691,0.9711
8,2.0,4,0.7,7,bounded,2,1.192,0.812,23637,3691,0.9711
8,2.0,4,0.7,7,bounded,4,1.188,0.813,23637,3691,0.9711
8,2.0,4,0.7,7,bounded,8,1.193,0.836,23637,3691,0.9711
8,2.0,4,0.7,7,bounded,16,1.173,0.811,23637,3691,0.9711
8,2.0,4,0.7,7,bounded,32,1.177,0.824,23637,3691,0.9711
8,2.0,4,0.7,7,greedy,0,1.177,0.824,23637,3691,0.9711
8,2.0,4,0.7,7,vtc,0,1.710,1.383,23637,3691,0.9711
8,2.0,4,1.0,5,bounded,1,3.445,1.217,62037,8433,0.9243
8,2.0,4,1.0,5,bounded,2,3.447,1.199,61696,7895,0.9247
8,2.0,4,1.0,5,bounded,4,3.266,1.072,60501,7887,0.9261
8,2.0,4,1.0,5,bounded,8,3.428,1.026,59307,7764,0.9276
8,2.0,4,1.0,5,bounded,16,3.496,1.008,57429,7582,0.9299
8,2.0,4,1.0,5,bounded,32,3.579,1.213,56064,7794,0.9316
8,2.0,4,1.0,5,greedy,0,3.579,1.213,55979,7769,0.9317
8,2.0,4,1.0,5,vtc,0,6.703,3.316,64853,9922,0.9208
8,2.0,4,1.0,6,bounded,1,2.625,1.027,39595,7281,0.9517
8,2.0,4,1.0,6,bounded,2,2.636,0.980,39509,7007,0.9518
8,2.0,4,1.0,6,bounded,4,2.664,1.055,39424,7101,0.9519
8,2.0,4,1.0,6,bounded,8,2.824,0.915,39083,6790,0.9523
8,2.0,4,1.0,6,bounded,16,3.007,1.073,38485,6556,0.9530
8,2.0,4,1.0,6,bounded,32,3.006,1.069,38315,6489,0.9532
8,2.0,4,1.0,6,greedy,0,3.003,1.067,38315,6489,0.9532
8,2.0,4,1.0,6,vtc,0,3.947,1.554,39765,7166,0.9515
8,2.0,4,1.0,7,bounded,1,2.368,1.028,23637,3691,0.9711
8,2.0,4,1.0,7,bounded,2,2.363,0.994,23637,3691,0.9711
8,2.0,4,1.0,7,bounded,4,2.403,1.076,23637,3691,0.9711
8,2.0,4,1.0,7,bounded,8,2.553,1.004,23637,3691,0.9711
8,2.0,4,1.0,7,bounded,16,2.673,1.116,23637,3691,0.9711
8,2.0,4,1.0,7,bounded,32,2.525,1.004,23637,3691,0.9711
8,2.0,4,1.0,7,greedy,0,2.525,1.004,23637,3691,0.9711
8,2.0,4,1.0,7,vtc,0,3.452,1.617,23637,3691,0.9711
8,2.0,4,1.4,5,bounded,1,13.039,4.325,61867,5852,0.9245
8,2.0,4,1.4,5,bounded,2,12.527,4.320,59648,6153,0.9272
8,2.0,4,1.4,5,bounded,4,12.066,4.134,57856,7554,0.9294
8,2.0,4,1.4,5,bounded,8,11.526,3.968,55808,5709,0.9319
8,2.0,4,1.4,5,bounded,16,11.175,3.990,52651,6462,0.9357
8,2.0,4,1.4,5,bounded,32,10.868,3.528,46677,4946,0.9430
8,2.0,4,1.4,5,greedy,0,14.217,7.253,34133,7037,0.9583
8,2.0,4,1.4,5,vtc,0,24.748,9.343,66731,9586,0.9185
8,2.0,4,1.4,6,bounded,1,7.145,2.899,39509,6753,0.9518
8,2.0,4,1.4,6,bounded,2,7.119,2.909,39509,6408,0.9518
8,2.0,4,1.4,6,bounded,4,7.201,3.279,39168,7078,0.9522
8,2.0,4,1.4,6,bounded,8,7.552,3.564,39168,7200,0.9522
8,2.0,4,1.4,6,bounded,16,8.045,3.340,38315,6856,0.9532
8,2.0,4,1.4,6,bounded,32,8.570,2.935,34048,5249,0.9584
8,2.0,4,1.4,6,greedy,0,13.257,8.667,26965,4290,0.9671
8,2.0,4,1.4,6,vtc,0,12.183,5.868,40448,7125,0.9506
8,2.0,4,1.4,7,bounded,1,4.622,1.566,23808,3913,0.9709
8,2.0,4,1.4,7,bounded,2,4.677,1.583,23723,3962,0.9710
8,2.0,4,1.4,7,bounded,4,4.952,1.793,24064,4512,0.9706
8,2.0,4,1.4,7,bounded,8,5.257,1.660,23637,4303,0.9711
8,2.0,4,1.4,7,bounded,16,5.936,1.732,23296,3823,0.9716
8,2.0,4,1.4,7,bounded,32,7.030,2.428,22613,3099,0.9724
8,2.0,4,1.4,7,greedy,0,12.746,9.115,20992,2789,0.9744
8,2.0,4,1.4,7,vtc,0,7.070,2.520,23723,3782,0.9710
16,1.5,4,0.7,5,bounded,1,10.287,4.000,217173,16664,0.7349
16,1.5,4,0.7,5,bounded,2,8.583,3.019,209152,14760,0.7447
16,1.5,4,0.7,5,bounded,4,7.135,2.349,201216,11887,0.7544
16,1.5,4,0.7,5,bounded,8,6.275,1.637,195243,11321,0.7617
16,1.5,4,0.7,5,bounded,16,5.763,1.229,190635,12748,0.7673
16,1.5,4,0.7,5,bounded,32,5.845,1.321,190123,11995,0.7679
16,1.5,4,0.7,5,greedy,0,5.845,1.321,190123,11995,0.7679
16,1.5,4,0.7,5,vtc,0,38.613,20.838,221696,15734,0.7294
16,1.5,4,0.7,6,bounded,1,6.129,2.321,177920,16151,0.7828
16,1.5,4,0.7,6,bounded,2,5.683,1.916,174592,15577,0.7869
16,1.5,4,0.7,6,bounded,4,5.288,1.720,172117,14595,0.7899
16,1.5,4,0.7,6,bounded,8,4.587,1.142,166059,12526,0.7973
16,1.5,4,0.7,6,bounded,16,4.607,1.086,163072,13257,0.8009
16,1.5,4,0.7,6,bounded,32,4.642,1.122,162731,13246,0.8014
16,1.5,4,0.7,6,greedy,0,4.642,1.122,162731,13246,0.8014
16,1.5,4,0.7,6,vtc,0,21.115,9.114,185088,17041,0.7741
16,1.5,4,0.7,8,bounded,1,3.289,1.106,124416,14155,0.8481
16,1.5,4,0.7,8,bounded,2,3.275,1.178,123904,13928,0.8488
16,1.5,4,0.7,8,bounded,4,3.198,1.015,121941,13377,0.8511
16,1.5,4,0.7,8,bounded,8,3.239,0.897,121429,13200,0.8518
16,1.5,4,0.7,8,bounded,16,3.356,1.035,119723,12844,0.8539
16,1.5,4,0.7,8,bounded,32,3.307,1.034,119893,12858,0.8536
16,1.5,4,0.7,8,greedy,0,3.307,1.034,119893,12858,0.8536
16,1.5,4,0.7,8,vtc,0,9.317,3.814,128256,15024,0.8434
16,1.5,4,1.0,5,bounded,1,39.759,8.415,212053,15484,0.7411
16,1.5,4,1.0,5,bounded,2,34.243,6.889,196779,12979,0.7598
16,1.5,4,1.0,5,bounded,4,25.620,5.905,172629,11100,0.7893
16,1.5,4,1.0,5,bounded,8,21.012,4.709,158293,8618,0.8068
16,1.5,4,1.0,5,bounded,16,15.264,3.099,139520,8655,0.8297
16,1.5,4,1.0,5,bounded,32,12.961,2.351,126891,9687,0.8451
16,1.5,4,1.0,5,greedy,0,13.789,2.920,121856,12708,0.8512
16,1.5,4,1.0,5,vtc,0,95.071,10.875,218283,19873,0.7335
16,1.5,4,1.0,6,bounded,1,25.882,6.846,172800,10994,0.7891
16,1.5,4,1.0,6,bounded,2,22.480,5.300,163157,11670,0.8008
16,1.5,4,1.0,6,bounded,4,20.082,5.184,155563,9468,0.8101
16,1.5,4,1.0,6,bounded,8,16.770,4.697,145237,9458,0.8227
16,1.5,4,1.0,6,bounded,16,12.830,3.828,132693,6919,0.8380
16,1.5,4,1.0,6,bounded,32,10.879,2.101,119381,8798,0.8543
16,1.5,4,1.0,6,greedy,0,11.165,2.403,115712,11735,0.8588
16,1.5,4,1.0,6,vtc,0,79.054,18.561,189781,26091,0.7683
16,1.5,4,1.0,8,bounded,1,11.017,4.573,123648,12113,0.8491
16,1.5,4,1.0,8,bounded,2,10.423,4.256,121941,12611,0.8511
16,1.5,4,1.0,8,bounded,4,10.628,4.295,121515,12155,0.8517
16,1.5,4,1.0,8,bounded,8,9.796,4.439,117333,11638,0.8568
16,1.5,4,1.0,8,bounded,16,8.483,3.316,108800,10431,0.8672
16,1.5,4,1.0,8,bounded,32,7.945,2.061,100693,8862,0.8771
16,1.5,4,1.0,8,greedy,0,8.265,2.390,99584,9548,0.8784
16,1.5,4,1.0,8,vtc,0,38.794,18.490,133376,16850,0.8372
16,1.5,4,1.4,5,bounded,1,66.828,7.225,210261,15162,0.7433
16,1.5,4,1.4,5,bounded,2,61.037,7.313,194816,13793,0.7622
16,1.5,4,1.4,5,bounded,4,51.835,6.780,169728,14032,0.7928
16,1.5,4,1.4,5,bounded,8,42.710,5.815,145152,10597,0.8228
16,1.5,4,1.4,5,bounded,16,33.864,4.696,119296,11376,0.8544
16,1.5,4,1.4,5,bounded,32,27.569,2.950,97877,6503,0.8805
16,1.5,4,1.4,5,greedy,0,32.040,5.958,62976,7001,0.9231
16,1.5,4,1.4,5,vtc,0,106.598,13.862,231168,33461,0.7178
16,1.5,4,1.4,6,bounded,1,52.225,7.133,170752,13938,0.7916
16,1.5,4,1.4,6,bounded,2,48.584,6.398,161195,11547,0.8032
16,1.5,4,1.4,6,bounded,4,43.028,6.584,145579,13324,0.8223
16,1.5,4,1.4,6,bounded,8,37.365,5.263,129963,8255,0.8414
16,1.5,4,1.4,6,bounded,16,31.341,4.846,111872,7884,0.8634
16,1.5,4,1.4,6,bounded,32,26.099,3.374,93525,6358,0.8858
16,1.5,4,1.4,6,greedy,0,29.115,5.269,58539,6528,0.9285
16,1.5,4,1.4,6,vtc,0,91.926,10.567,191659,26260,0.7660
16,1.5,4,1.4,8,bounded,1,33.764,5.641,119979,12400,0.8535
16,1.5,4,1.4,8,bounded,2,32.318,6.135,115968,13138,0.8584
16,1.5,4,1.4,8,bounded,4,30.465,6.539,111360,12937,0.8641
16,1.5,4,1.4,8,bounded,8,28.111,4.665,104277,10525,0.8727
16,1.5,4,1.4,8,bounded,16,25.902,3.775,96768,7198,0.8819
16,1.5,4,1.4,8,bounded,32,23.826,3.416,86528,6695,0.8944
16,1.5,4,1.4,8,greedy,0,30.296,9.516,49749,7324,0.9393
16,1.5,4,1.4,8,vtc,0,72.481,9.885,140544,23543,0.8284
16,2.0,4,0.7,5,bounded,1,2.898,0.887,107605,13725,0.8686
16,2.0,4,0.7,5,bounded,2,2.661,0.914,106752,13499,0.8697
16,2.0,4,0.7,5,bounded,4,2.609,0.790,105643,14114,0.8710
16,2.0,4,0.7,5,bounded,8,2.719,0.756,104448,13167,0.8725
16,2.0,4,0.7,5,bounded,16,2.752,0.767,104021,13246,0.8730
16,2.0,4,0.7,5,bounded,32,2.749,0.758,104021,13246,0.8730
16,2.0,4,0.7,5,greedy,0,2.749,0.758,104021,13246,0.8730
16,2.0,4,0.7,5,vtc,0,6.617,2.621,109739,14456,0.8660
16,2.0,4,0.7,6,bounded,1,2.303,0.934,85333,13516,0.8958
16,2.0,4,0.7,6,bounded,2,2.176,0.917,85333,13542,0.8958
16,2.0,4,0.7,6,bounded,4,2.114,0.854,84651,13373,0.8967
16,2.0,4,0.7,6,bounded,8,2.186,0.880,84480,13183,0.8969
16,2.0,4,0.7,6,bounded,16,2.315,0.906,83968,12926,0.8975
16,2.0,4,0.7,6,bounded,32,2.304,0.889,83968,13033,0.8975
16,2.0,4,0.7,6,greedy,0,2.304,0.889,83968,13033,0.8975
16,2.0,4,0.7,6,vtc,0,4.622,2.572,86357,13924,0.8946
16,2.0,4,0.7,8,bounded,1,1.643,1.107,56917,10658,0.9305
16,2.0,4,0.7,8,bounded,2,1.627,1.079,56832,10629,0.9306
16,2.0,4,0.7,8,bounded,4,1.649,1.033,56917,10691,0.9305
16,2.0,4,0.7,8,bounded,8,1.692,1.047,57173,11012,0.9302
16,2.0,4,0.7,8,bounded,16,1.777,1.070,57088,10954,0.9303
16,2.0,4,0.7,8,bounded,32,1.774,1.061,57088,10954,0.9303
16,2.0,4,0.7,8,greedy,0,1.774,1.061,57088,10954,0.9303
16,2.0,4,0.7,8,vtc,0,2.526,1.897,56917,10493,0.9305
16,2.0,4,1.0,5,bounded,1,8.437,3.382,108117,12611,0.8680
16,2.0,4,1.0,5,bounded,2,7.819,2.971,105813,12799,0.8708
16,2.0,4,1.0,5,bounded,4,7.435,2.914,104192,12221,0.8728
16,2.0,4,1.0,5,bounded,8,7.039,2.621,101803,11302,0.8757
16,2.0,4,1.0,5,bounded,16,6.546,2.057,95915,10268,0.8829
16,2.0,4,1.0,5,bounded,32,6.820,1.756,91733,9366,0.8880
16,2.0,4,1.0,5,greedy,0,6.807,1.864,90368,10056,0.8897
16,2.0,4,1.0,5,vtc,0,23.039,11.498,115456,15895,0.8591
16,2.0,4,1.0,6,bounded,1,5.594,2.000,85504,12711,0.8956
16,2.0,4,1.0,6,bounded,2,5.497,2.051,84565,12520,0.8968
16,2.0,4,1.0,6,bounded,4,5.275,2.264,83712,12574,0.8978
16,2.0,4,1.0,6,bounded,8,4.933,1.636,81749,11508,0.9002
16,2.0,4,1.0,6,bounded,16,5.008,1.469,78592,10737,0.9041
16,2.0,4,1.0,6,bounded,32,5.479,1.634,77141,9957,0.9058
16,2.0,4,1.0,6,greedy,0,5.517,1.866,76971,9785,0.9060
16,2.0,4,1.0,6,vtc,0,12.248,6.501,88576,13805,0.8919
16,2.0,4,1.0,8,bounded,1,3.283,1.393,57088,10330,0.9303
16,2.0,4,1.0,8,bounded,2,3.304,1.432,57344,10576,0.9300
16,2.0,4,1.0,8,bounded,4,3.351,1.399,56832,10037,0.9306
16,2.0,4,1.0,8,bounded,8,3.605,1.358,56235,9272,0.9314
16,2.0,4,1.0,8,bounded,16,3.961,1.428,55552,8972,0.9322
16,2.0,4,1.0,8,bounded,32,4.286,1.758,55125,8747,0.9327
16,2.0,4,1.0,8,greedy,0,4.392,2.054,55125,8747,0.9327
16,2.0,4,1.0,8,vtc,0,5.996,3.179,57600,10826,0.9297
16,2.0,4,1.4,5,bounded,1,28.849,6.668,106667,14151,0.8698
16,2.0,4,1.4,5,bounded,2,26.834,6.243,100864,11437,0.8769
16,2.0,4,1.4,5,bounded,4,24.391,5.691,93611,10796,0.8857
16,2.0,4,1.4,5,bounded,8,22.499,4.682,88149,8897,0.8924
16,2.0,4,1.4,5,bounded,16,20.518,3.565,81749,7661,0.9002
16,2.0,4,1.4,5,bounded,32,18.944,3.353,73131,6381,0.9107
16,2.0,4,1.4,5,greedy,0,25.662,6.713,49920,7016,0.9391
16,2.0,4,1.4,5,vtc,0,54.869,11.527,117675,17508,0.8564
16,2.0,4,1.4,6,bounded,1,21.143,6.455,84309,13082,0.8971
16,2.0,4,1.4,6,bounded,2,20.147,5.541,81493,11479,0.9005
16,2.0,4,1.4,6,bounded,4,20.205,5.672,81408,10905,0.9006
16,2.0,4,1.4,6,bounded,8,18.996,4.806,78165,9037,0.9046
16,2.0,4,1.4,6,bounded,16,18.527,3.859,75776,7799,0.9075
16,2.0,4,1.4,6,bounded,32,17.284,4.002,67840,7486,0.9172
16,2.0,4,1.4,6,greedy,0,24.351,9.635,45653,6727,0.9443
16,2.0,4,1.4,6,vtc,0,40.544,11.951,90197,14330,0.8899
16,2.0,4,1.4,8,bounded,1,11.763,5.165,56832,10711,0.9306
16,2.0,4,1.4,8,bounded,2,11.554,4.794,56235,9804,0.9314
16,2.0,4,1.4,8,bounded,4,11.990,4.610,57003,9057,0.9304
16,2.0,4,1.4,8,bounded,8,11.830,4.423,56576,7839,0.9309
16,2.0,4,1.4,8,bounded,16,12.269,4.679,55808,8387,0.9319
16,2.0,4,1.4,8,bounded,32,12.899,4.303,51968,9079,0.9366
16,2.0,4,1.4,8,greedy,0,21.871,11.567,39168,5396,0.9522
16,2.0,4,1.4,8,vtc,0,21.667,9.920,58624,11658,0.9284
